SEQ,N,16,6.LONG,N,16,6.LAT,N,16,6.LOCAL_ED,C,254.LOCALIZACA,C,254.REFERENCIA,C,254.DATA,D.MES,N,16,6.H_INICIO,C,254.H_FIM,C,254.DURACAO,C,254.DUR_H,N,7,2.id_estacao,C,21.codestacao,C,254.latitude,N,24,15.longitude,N,24,15.nome,C,254.id_municip,N,10,0.rede,C,254.tipoestaca,C,254.geocodigo,N,10,0.cidade,C,254.xcoord,N,24,15.ycoord,N,24,15
7.-46,638806.-23,549408.PC DA BANDEIRA.PC DA BANDEIRA.AV VINTE E TRES DE MAIO-CENTROBAIRRO-SE.01/01/2019.1.18:34:00.19:23:00.00:49:00.0,82.3809.355030857A.-23,541.-46,629.Centro.2692.CEMADEN.Pluviométrica.3550308.SÃO PAULO.-46,629.-23,541
13.-46,63858.-23,54891.PC DA BANDEIRA.PC DA BANDEIRA.ALTURA DO NUMERO 27-CENTROBAIRRO-SE.03/01/2019.1.17:27:00.17:42:00.00:15:00.0,25.3809.355030857A.-23,541.-46,629.Centro.2692.CEMADEN.Pluviométrica.3550308.SÃO PAULO.-46,629.-23,541
14.-46,63824.-23,55033.AV VINTE E TRES DE MAIO.AV VINTE E TRES DE MAIO LIBERDADE.PC DA BANDEIRA-SANTANAAEROPORTO-SE.03/01/2019.1.19:43:00.20:18:00.00:35:00.0,58.3809.355030857A.-23,541.-46,629.Centro.2692.CEMADEN.Pluviométrica.3550308.SÃO PAULO.-46,629.-23,541
15.-46,63483.-23,54211.TUN PAPA JOAO PAULO II.TN PAPA JOAO PAULO II REPUBLICA.AV PRESTES MAIA-SANTANAAEROPORTO-SE.03/01/2019.1.19:52:00.20:04:00.00:12:00.0,2.3809.355030857A.-23,541.-46,629.Centro.2692.CEMADEN.Pluviométrica.3550308.SÃO PAULO.-46,629.-23,541
22.-46,62947.-23,540356.R DA CANTAREIRA.R DA CANTAREIRA.AV MERCURIO-BAIRROCENTRO-SE.04/01/2019.1.14:45:00.15:03:00.00:18:00.0,3.3809.355030857A.-23,541.-46,629.Centro.2692.CEMADEN.Pluviométrica.3550308.SÃO PAULO.-46,629.-23,541
28.-46,62756.-23,53926.R PAULA SOUSA.R PAULA SOUSA.AV DO ESTADO-AMBOS - LOCAL-SE.04/01/2019.1.15:04:00.15:53:00.00:49:00.0,82.3809.355030857A.-23,541.-46,629.Centro.2692.CEMADEN.Pluviométrica.3550308.SÃO PAULO.-46,629.-23,541
32.-46,627042.-23,543123.AV MERCURIO.AV MERCURIO.PC S VITO-UNICO-SE.04/01/2019.1.15:56:00.17:56:00.02:00:00.2.3809.355030857A.-23,541.-46,629.Centro.2692.CEMADEN.Pluviométrica.3550308.SÃO PAULO.-46,629.-23,541
33.-46,6305.-23,53974.AV SEN QUEIROS.AV SEN QUEIROS.ALTURA DO NUMERO 587-UNICO-SE.04/01/2019.1.17:52:00.19:30:00.01:38:00.1,63.3809.355030857A.-23,541.-46,629.Centro.2692.CEMADEN.Pluviométrica.3550308.SÃO PAULO.-46,629.-23,541
41.-46,63824.-23,55033.PC DA BANDEIRA.Pâ”œÃ§ DA BANDEIRA.AV 23 DE MAIO-CENTROBAIRRO-SE.08/01/2019.1.16:22:00.17:47:00.01:25:00.1,42.3809.355030857A.-23,541.-46,629.Centro.2692.CEMADEN.Pluviométrica.3550308.SÃO PAULO.-46,629.-23,541
44.-46,642458.-23,536496.AV RIO BRANCO.AV RIO BRANCO.AV DUQUE DE CAXIAS-BAIRROCENTRO-SE.08/01/2019.1.17:09:00.17:57:00.00:48:00.0,8.3809.355030857A.-23,541.-46,629.Centro.2692.CEMADEN.Pluviométrica.3550308.SÃO PAULO.-46,629.-23,541
81.-46,638806.-23,549408.PC DA BANDEIRA.PC DA BANDEIRA.AV VINTE E TRES DE MAIO-CENTROBAIRRO-SE.17/01/2019.1.18:41:00.19:27:00.00:46:00.0,77.3809.355030857A.-23,541.-46,629.Centro.2692.CEMADEN.Pluviométrica.3550308.SÃO PAULO.-46,629.-23,541
82.-46,642458.-23,536496.AV RIO BRANCO.AV RIO BRANCO.AV DUQUE DE CAXIAS-BAIRROCENTRO-SE.17/01/2019.1.18:57:00.19:35:00.00:38:00.0,63.3809.355030857A.-23,541.-46,629.Centro.2692.CEMADEN.Pluviométrica.3550308.SÃO PAULO.-46,629.-23,541
99.-46,62877.-23,52407.R PAULINO GUIMARAES.R PAULINO GUIMARâ”œÃ¢ES.R EDUARDO CHAVES-UNICO-SE.22/01/2019.1.15:04:00.16:20:00.01:16:00.1,27.3809.355030857A.-23,541.-46,629.Centro.2692.CEMADEN.Pluviométrica.3550308.SÃO PAULO.-46,629.-23,541
102.-46,640349.-23,551349.R MARIA PAULA.R MARIA PAULA.R STO AMARO-UNICO-SE.22/01/2019.1.15:42:00.16:57:00.01:15:00.1,25.3809.355030857A.-23,541.-46,629.Centro.2692.CEMADEN.Pluviométrica.3550308.SÃO PAULO.-46,629.-23,541
103.-46,627042.-23,543123.AV MERCURIO.AV MERCURIO.PC S VITO-UNICO-SE.22/01/2019.1.15:56:00.18:55:00.02:59:00.2,98.3809.355030857A.-23,541.-46,629.Centro.2692.CEMADEN.Pluviométrica.3550308.SÃO PAULO.-46,629.-23,541
115.-46,64249.-23,5366.AV RIO BRANCO.AV RIO BRANCO.AV DUQ DE CAXIAS-BAIRROCENTRO-SE.24/01/2019.1.16:04:00.16:43:00.00:39:00.0,65.3809.355030857A.-23,541.-46,629.Centro.2692.CEMADEN.Pluviométrica.3550308.SÃO PAULO.-46,629.-23,541
118.-46,63824.-23,55033.PC DA BANDEIRA.PC DA BANDEIRA.AV VINTE E TRâ”œÃ¢â”¼Ã¡S DE MAIO-BAIRROCENTRO-SE.24/01/2019.1.16:22:00.16:50:00.00:28:00.0,47.3809.355030857A.-23,541.-46,629.Centro.2692.CEMADEN.Pluviométrica.3550308.SÃO PAULO.-46,629.-23,541
119.-46,640456.-23,549091.AV NOVE DE JULHO.AV NOVE DE JULHO.PC DA BANDEIRA-AMBOS-SE.24/01/2019.1.16:23:00.16:40:00.00:17:00.0,28.3809.355030857A.-23,541.-46,629.Centro.2692.CEMADEN.Pluviométrica.3550308.SÃO PAULO.-46,629.-23,541
122.-46,63891.-23,54981.PC DA BANDEIRA.PC DA BANDEIRA.ALTURA DO NUMERO 0-CENTROBAIRRO-SE.24/01/2019.1.16:32:00.16:40:00.00:08:00.0,13.3809.355030857A.-23,541.-46,629.Centro.2692.CEMADEN.Pluviométrica.3550308.SÃO PAULO.-46,629.-23,541
126.-46,62906.-23,55824.R TEIXEIRA LEITE.R TEIXEIRA LEITE.VD DO GLICERIO-CENTROBAIRRO-SE.24/01/2019.1.16:38:00.17:45:00.01:07:00.1,12.3809.355030857A.-23,541.-46,629.Centro.2692.CEMADEN.Pluviométrica.3550308.SÃO PAULO.-46,629.-23,541
128.-46,641155.-23,538239.AV RIO BRANCO.AV RIO BRANCO.R DOS GUSMOES-BAIRROCENTRO-SE.24/01/2019.1.16:45:00.18:19:00.01:34:00.1,57.3809.355030857A.-23,541.-46,629.Centro.2692.CEMADEN.Pluviométrica.3550308.SÃO PAULO.-46,629.-23,541
132.-46,630781.-23,524646.AV SANTOS DUMONT.AV SANTOS DUMONT.AV DO ESTADO-AEROPORTOSANTANA-SE.24/01/2019.1.16:52:00.18:28:00.01:36:00.1,6.3809.355030857A.-23,541.-46,629.Centro.2692.CEMADEN.Pluviométrica.3550308.SÃO PAULO.-46,629.-23,541
133.-46,628561.-23,557195.R TEIXEIRA LEITE.R TEIXEIRA LEITE.R S PAULO-CENTROBAIRRO-SE.24/01/2019.1.17:06:00.17:42:00.00:36:00.0,6.3809.355030857A.-23,541.-46,629.Centro.2692.CEMADEN.Pluviométrica.3550308.SÃO PAULO.-46,629.-23,541
136.-46,627557.-23,549089.AV DO ESTADO.AV DO ESTADO.VD VINTE E CINCO DE MARCO-SANTANAIPIRANGA-SE.25/01/2019.1.00:55:00.01:16:00.00:21:00.0,35.3809.355030857A.-23,541.-46,629.Centro.2692.CEMADEN.Pluviométrica.3550308.SÃO PAULO.-46,629.-23,541
137.-46,64497.-23,53303.AV RIO BRANCO.AV RIO BRANCO.AV RUDGE-BAIRROCENTRO-PI.25/01/2019.1.17:01:00.20:22:00.03:21:00.3,35.3809.355030857A.-23,541.-46,629.Centro.2692.CEMADEN.Pluviométrica.3550308.SÃO PAULO.-46,629.-23,541
148.-46,627557.-23,549089.AV DO ESTADO.AV DO ESTADO.VD VINTE E CINCO DE MARCO-SANTANAIPIRANGA-SE.25/01/2019.1.22:54:00.22:30:00.23:36:00.23,6.3809.355030857A.-23,541.-46,629.Centro.2692.CEMADEN.Pluviométrica.3550308.SÃO PAULO.-46,629.-23,541
166.-46,62947.-23,540356.R DA CANTAREIRA.R DA CANTAREIRA.AV MERCURIO-AMBOS-SE.30/01/2019.1.16:59:00.18:00:00.01:01:00.1,02.3809.355030857A.-23,541.-46,629.Centro.2692.CEMADEN.Pluviométrica.3550308.SÃO PAULO.-46,629.-23,541
175.-46,64164.-23,53795.AV RIO BRANCO.AV RIO BRANCO.ALTURA DO NUMERO 621-BAIRROCENTRO-SE.30/01/2019.1.17:16:00.18:41:00.01:25:00.1,42.3809.355030857A.-23,541.-46,629.Centro.2692.CEMADEN.Pluviométrica.3550308.SÃO PAULO.-46,629.-23,541
179.-46,64249.-23,5366.AV RIO BRANCO.AV RIO BRANCO.AV DUQ DE CAXIAS-AMBOS-SE.30/01/2019.1.17:19:00.19:05:00.01:46:00.1,77.3809.355030857A.-23,541.-46,629.Centro.2692.CEMADEN.Pluviométrica.3550308.SÃO PAULO.-46,629.-23,541
189.-46,636383.-23,539781.AV IPIRANGA.AV IPIRANGA.AV CASPER LIBERO-CENTROBAIRRO-SE.30/01/2019.1.18:14:00.18:54:00.00:40:00.0,67.3809.355030857A.-23,541.-46,629.Centro.2692.CEMADEN.Pluviométrica.3550308.SÃO PAULO.-46,629.-23,541
208.-46,630781.-23,524646.AV SANTOS DUMONT.AV SANTOS DUMONT.AV DO ESTADO-AEROPORTOSANTANA-SE.04/02/2019.2.03:53:00.09:50:00.05:57:00.5,95.3809.355030857A.-23,541.-46,629.Centro.2692.CEMADEN.Pluviométrica.3550308.SÃO PAULO.-46,629.-23,541
228.-46,63036.-23,52401.AV SANTOS DUMONT.AV SANTOS DUMONT.ALTURA DO NUMERO 536-AEROPORTOSANTANA-SE.04/02/2019.2.07:47:00.07:22:00.23:35:00.23,58.3809.355030857A.-23,541.-46,629.Centro.2692.CEMADEN.Pluviométrica.3550308.SÃO PAULO.-46,629.-23,541
230.-46,641682.-23,537535.AV RIO BRANCO.AV RIO BRANCO.R GAL OSORIO-BAIRROCENTRO-SE.04/02/2019.2.08:08:00.13:30:00.05:22:00.5,37.3809.355030857A.-23,541.-46,629.Centro.2692.CEMADEN.Pluviométrica.3550308.SÃO PAULO.-46,629.-23,541
232.-46,611555.-23,54003.AV CELSO GARCIA.AV CELSO GARCIA.R JOSE DE ALENCAR-CENTROBAIRRO - UNICA-MO.06/02/2019.2.07:42:00.09:38:00.01:56:00.1,93.3809.355030857A.-23,541.-46,629.Centro.2692.CEMADEN.Pluviométrica.3550308.SÃO PAULO.-46,629.-23,541
244.-46,63057.-23,52438.AV DO ESTADO.AV DO ESTADO BOM RETIRO.DA AV PTE SANTOS DUMONT-IPIRANGASANTANA - LOCAL-SE.06/02/2019.2.12:56:00.13:05:00.00:09:00.0,15.3809.355030857A.-23,541.-46,629.Centro.2692.CEMADEN.Pluviométrica.3550308.SÃO PAULO.-46,629.-23,541
246.-46,61478.-23,54181.R GOMES CARDIM.R GOMES CARDIM BRAS.AV RANGEL PESTANA-UNICO - UNICA-MO.06/02/2019.2.12:56:00.16:56:00.04:00:00.4.3809.355030857A.-23,541.-46,629.Centro.2692.CEMADEN.Pluviométrica.3550308.SÃO PAULO.-46,629.-23,541
260.-46,62826.-23,55452.R GLICERIO.R GLICERIO.ALTURA DO NUMERO 221-UNICO - NAO INFORMADA-SE.06/02/2019.2.16:01:00.16:48:00.00:47:00.0,78.3809.355030857A.-23,541.-46,629.Centro.2692.CEMADEN.Pluviométrica.3550308.SÃO PAULO.-46,629.-23,541
268.-46,627042.-23,543123.AV MERCURIO.AV MERCURIO.PC S VITO-UNICO - ESQUERDA-SE.06/02/2019.2.18:36:00.21:50:00.03:14:00.3,23.3809.355030857A.-23,541.-46,629.Centro.2692.CEMADEN.Pluviométrica.3550308.SÃO PAULO.-46,629.-23,541
289.-46,63891.-23,54981.PC DA BANDEIRA.PC DA BANDEIRA REPUBLICA.PQ ANHANGABAU-BAIRROCENTRO - LOCAL-SE.15/02/2019.2.21:36:00.22:04:00.00:28:00.0,47.3809.355030857A.-23,541.-46,629.Centro.2692.CEMADEN.Pluviométrica.3550308.SÃO PAULO.-46,629.-23,541
293.-46,640456.-23,549091.PC DA BANDEIRA.PC DA BANDEIRA.AV NOVE DE JULHO-CENTROBAIRRO-SE.15/02/2019.2.21:43:00.22:02:00.00:19:00.0,32.3809.355030857A.-23,541.-46,629.Centro.2692.CEMADEN.Pluviométrica.3550308.SÃO PAULO.-46,629.-23,541
318.-46,628561.-23,557195.R TEIXEIRA LEITE.R TEIXEIRA LEITE.R S PAULO-UNICO-SE.16/02/2019.2.19:08:00.21:33:00.02:25:00.2,42.3809.355030857A.-23,541.-46,629.Centro.2692.CEMADEN.Pluviométrica.3550308.SÃO PAULO.-46,629.-23,541
324.-46,62947.-23,540356.AV MERCURIO.AV MERCURIO.R DA CANTAREIRA-UNICO-SE.16/02/2019.2.19:37:00.00:00:00.04:23:00.4,38.3809.355030857A.-23,541.-46,629.Centro.2692.CEMADEN.Pluviométrica.3550308.SÃO PAULO.-46,629.-23,541
372.-46,63891.-23,54979.PC DA BANDEIRA.PC DA BANDEIRA (REPUBLICA).PQ ANHANGABAU - BAIRRO/CENTRO.21/02/2019.2.18:55:00.20:02:00.01:07:00.1,12.3809.355030857A.-23,541.-46,629.Centro.2692.CEMADEN.Pluviométrica.3550308.SÃO PAULO.-46,629.-23,541
374.-46,63882.-23,54827.AV VINTE E TRES DE MAIO.AV VINTE E TRES DE MAIO.AV NOVE DE JULHO - SANTANA/AEROPORTO.21/02/2019.2.18:57:00.19:44:00.00:47:00.0,78.3809.355030857A.-23,541.-46,629.Centro.2692.CEMADEN.Pluviométrica.3550308.SÃO PAULO.-46,629.-23,541
384.-46,624845.-23,533575.AV DO ESTADO.AV DO ESTADO (BOM RETIRO).ALTURA DO Nâ”œÃœMERO 2023 - SANTANA/IPIRANGA.21/02/2019.2.19:22:00.22:37:00.03:15:00.3,25.3809.355030857A.-23,541.-46,629.Centro.2692.CEMADEN.Pluviométrica.3550308.SÃO PAULO.-46,629.-23,541
392.-46,628561.-23,557195.R SAO PAULO.R S PAULO (LIBERDADE).R TEIXEIRA LEITE - UNICO.21/02/2019.2.19:34:00.19:53:00.00:19:00.0,32.3809.355030857A.-23,541.-46,629.Centro.2692.CEMADEN.Pluviométrica.3550308.SÃO PAULO.-46,629.-23,541
393.-46,625495.-23,534161.R JOAO TEODORO.R JOAO TEODORO (BOM RETIRO).AV DO ESTADO - BAIRRO/CENTRO.21/02/2019.2.19:35:00.22:36:00.03:01:00.3,02.3809.355030857A.-23,541.-46,629.Centro.2692.CEMADEN.Pluviométrica.3550308.SÃO PAULO.-46,629.-23,541
395.-46,62947.-23,540356.AV MERCURIO.AV MERCURIO (SE).R DA CANTAREIRA - AMBOS.21/02/2019.2.19:37:00.21:03:00.01:26:00.1,43.3809.355030857A.-23,541.-46,629.Centro.2692.CEMADEN.Pluviométrica.3550308.SÃO PAULO.-46,629.-23,541
398.-46,627554.-23,539251.AV DO ESTADO.AV DO ESTADO (BOM RETIRO).R PAULA SOUSA - AMBOS.21/02/2019.2.19:48:00.22:36:00.02:48:00.2,8.3809.355030857A.-23,541.-46,629.Centro.2692.CEMADEN.Pluviométrica.3550308.SÃO PAULO.-46,629.-23,541
399.-46,628215.-23,541352.AV DO ESTADO."AV DO. ESTADO".AV MERCURIO - SANTANA/IPIRANGA.21/02/2019.2.20:09:00.21:02:00.00:53:00.0,88.3809.355030857A.-23,541.-46,629.Centro.2692.CEMADEN.Pluviométrica.3550308.SÃO PAULO.-46,629.-23,541
403.-46,627557.-23,549089.AV DO ESTADO."AV DO. ESTADO".VD VINTE E CINCO DE MARCO - SANTANA/IPIRANGA - Nâ”œÃ¢O INFORMADA.21/02/2019.2.21:13:00.23:50:00.02:37:00.2,62.3809.355030857A.-23,541.-46,629.Centro.2692.CEMADEN.Pluviométrica.3550308.SÃO PAULO.-46,629.-23,541
418.-46,64249.-23,5366.AV RIO BRANCO."AV. RIO BRANCO (REPUBLICA)".AV DUQ DE CAXIAS - BAIRRO/CENTRO.24/02/2019.2.18:15:00.20:00:00.01:45:00.1,75.3809.355030857A.-23,541.-46,629.Centro.2692.CEMADEN.Pluviométrica.3550308.SÃO PAULO.-46,629.-23,541
450.-46,64249.-23,5366.AV RIO BRANCO.AV RIO BRANCO.AV DUQ DE CAXIAS-BAIRROCENTRO-SE.26/02/2019.2.07:14:00.16:57:00.09:43:00.9,72.3809.355030857A.-23,541.-46,629.Centro.2692.CEMADEN.Pluviométrica.3550308.SÃO PAULO.-46,629.-23,541
455.-46,627042.-23,543123.AV MERCURIO.AV MERCURIO.PC S VITO-UNICO-SE.26/02/2019.2.07:51:00.17:05:00.09:14:00.9,23.3809.355030857A.-23,541.-46,629.Centro.2692.CEMADEN.Pluviométrica.3550308.SÃO PAULO.-46,629.-23,541
459.-46,64456.-23,54943.PC DESEM MARIO PIRES.PC DESEM MARIO PIRES.R MARTINS FONTES-CENTROBAIRRO-SE.26/02/2019.2.08:29:00.17:02:00.08:33:00.8,55.3809.355030857A.-23,541.-46,629.Centro.2692.CEMADEN.Pluviométrica.3550308.SÃO PAULO.-46,629.-23,541
467.-46,63024.-23,52306.AV SANTOS DUMONT.AV SANTOS DUMONT.ALTURA DO NUMERO 634-SANTANAAEROPORTO-SE.26/02/2019.2.15:04:00.17:11:00.02:07:00.2,12.3809.355030857A.-23,541.-46,629.Centro.2692.CEMADEN.Pluviométrica.3550308.SÃO PAULO.-46,629.-23,541
486.-46,64249.-23,5366.AV RIO BRANCO.AV RIO BRANCO REPUBLICA.AV DUQ DE CAXIAS-BAIRROCENTRO - UNICA-SE.02/03/2019.3.19:13:00.19:23:00.00:10:00.0,17.3809.355030857A.-23,541.-46,629.Centro.2692.CEMADEN.Pluviométrica.3550308.SÃO PAULO.-46,629.-23,541
494.-46,638115.-23,547317.TN PAPA JOAO PAULO II.TN PAPA JOAO PAULO II (REPUBLICA).ALTURA DO Nâ”œÃœMERO 0 - SANTANA/AEROPORTO.02/03/2019.3.19:29:00.20:42:00.01:13:00.1,22.3809.355030857A.-23,541.-46,629.Centro.2692.CEMADEN.Pluviométrica.3550308.SÃO PAULO.-46,629.-23,541
496.-46,63824.-23,55033.AV VINTE E TRES DE MAIO.AV VINTE E TRES DE MAIO.PC DA BANDEIRA - SANTANA/AEROPORTO.02/03/2019.3.19:43:00.19:55:00.00:12:00.0,2.3809.355030857A.-23,541.-46,629.Centro.2692.CEMADEN.Pluviométrica.3550308.SÃO PAULO.-46,629.-23,541
515.-46,64177.-23,53758.AV RIO BRANCO.AV RIO BRANCO.R GAL OSORIO - BAIRRO/CENTRO - â”œÃœNICA.02/03/2019.3.20:28:00.20:43:00.00:15:00.0,25.3809.355030857A.-23,541.-46,629.Centro.2692.CEMADEN.Pluviométrica.3550308.SÃO PAULO.-46,629.-23,541
536.-46,63219.-23,54198.R VINTE E CINCO DE MARCO.R VINTE E CINCO DE MARCO.R HERCULES FLORENCE-UNICO-SE.05/03/2019.3.18:12:00.21:09:00.02:57:00.2,95.3809.355030857A.-23,541.-46,629.Centro.2692.CEMADEN.Pluviométrica.3550308.SÃO PAULO.-46,629.-23,541
539.-46,62815.-23,54028.AV DO ESTADO.AV DO ESTADO.ALTURA DO NUMERO 2950-SANTANAIPIRANGA-SE.05/03/2019.3.18:20:00.21:16:00.02:56:00.2,93.3809.355030857A.-23,541.-46,629.Centro.2692.CEMADEN.Pluviométrica.3550308.SÃO PAULO.-46,629.-23,541
540.-46,62947.-23,540356.AV MERCURIO.AV MERCURIO.R DA CANTAREIRA-UNICO - DIREITA-SE.05/03/2019.3.18:24:00.21:17:00.02:53:00.2,88.3809.355030857A.-23,541.-46,629.Centro.2692.CEMADEN.Pluviométrica.3550308.SÃO PAULO.-46,629.-23,541
541.-46,63074.-23,53993.AV SEN QUEIROS.AV SEN QUEIROS.R BR DE DUPRAT-UNICO - DIREITA-SE.05/03/2019.3.18:24:00.21:16:00.02:52:00.2,87.3809.355030857A.-23,541.-46,629.Centro.2692.CEMADEN.Pluviométrica.3550308.SÃO PAULO.-46,629.-23,541
543.-46,62856.-23,55717.R TEIXEIRA LEITE.R TEIXEIRA LEITE LIBERDADE.R S PAULO-UNICO-SE.05/03/2019.3.18:37:00.20:33:00.01:56:00.1,93.3809.355030857A.-23,541.-46,629.Centro.2692.CEMADEN.Pluviométrica.3550308.SÃO PAULO.-46,629.-23,541
575.-46,641155.-23,538239.AV RIO BRANCO.AV RIO BRANCO.R DOS GUSMOES-CENTROBAIRRO-SE.07/03/2019.3.16:48:00.19:21:00.02:33:00.2,55.3809.355030857A.-23,541.-46,629.Centro.2692.CEMADEN.Pluviométrica.3550308.SÃO PAULO.-46,629.-23,541
576.-46,627042.-23,543123.AV MERCURIO.AV MERCURIO.PC S VITO-UNICO - ESQUERDA-SE.07/03/2019.3.17:34:00.17:58:00.00:24:00.0,4.3809.355030857A.-23,541.-46,629.Centro.2692.CEMADEN.Pluviométrica.3550308.SÃO PAULO.-46,629.-23,541
577.-46,62947.-23,540356.AV MERCURIO.AV MERCURIO.R DA CANTAREIRA-UNICO - ESQUERDA-SE.07/03/2019.3.17:38:00.19:23:00.01:45:00.1,75.3809.355030857A.-23,541.-46,629.Centro.2692.CEMADEN.Pluviométrica.3550308.SÃO PAULO.-46,629.-23,541
578.-46,64259.-23,54206.PC DA REPUBLICA.PC DA REPUBLICA.ALTURA DO NUMERO 497-UNICO-SE.07/03/2019.3.17:42:00.19:41:00.01:59:00.1,98.3809.355030857A.-23,541.-46,629.Centro.2692.CEMADEN.Pluviométrica.3550308.SÃO PAULO.-46,629.-23,541
579.-46,64167.-23,53791.AV RIO BRANCO.AV RIO BRANCO.ALTURA DO NUMERO 625-BAIRROCENTRO-SE.07/03/2019.3.17:58:00.19:21:00.01:23:00.1,38.3809.355030857A.-23,541.-46,629.Centro.2692.CEMADEN.Pluviométrica.3550308.SÃO PAULO.-46,629.-23,541
580.-46,640838.-23,538277.AV RIO BRANCO.AV RIO BRANCO.ALTURA DO NUMERO 530-BAIRROCENTRO-SE.07/03/2019.3.18:02:00.19:22:00.01:20:00.1,33.3809.355030857A.-23,541.-46,629.Centro.2692.CEMADEN.Pluviométrica.3550308.SÃO PAULO.-46,629.-23,541
586.-46,611555.-23,54003.AV CELSO GARCIA.AV CELSO GARCIA.R JOSE DE ALENCAR-CENTROBAIRRO - UNICA-MO.09/03/2019.3.18:00:00.18:00:00.00:00:00.0.3809.355030857A.-23,541.-46,629.Centro.2692.CEMADEN.Pluviométrica.3550308.SÃO PAULO.-46,629.-23,541
587.-46,611555.-23,54003.AV CELSO GARCIA.AV CELSO GARCIA.R JOSE DE ALENCAR-CENTROBAIRRO - UNICA-MO.09/03/2019.3.18:00:00.18:36:00.00:36:00.0,6.3809.355030857A.-23,541.-46,629.Centro.2692.CEMADEN.Pluviométrica.3550308.SÃO PAULO.-46,629.-23,541
604.-46,63891.-23,54979.PQ ANHANGABAU.PQ ANHANGABAU (REPUBLICA).PC DA BANDEIRA - SANTANA/AEROPORTO - â”œÃœNICA.10/03/2019.3.21:53:00.00:19:00.23/01/1900 02:26:00.2,43.3809.355030857A.-23,541.-46,629.Centro.2692.CEMADEN.Pluviométrica.3550308.SÃO PAULO.-46,629.-23,541
605.-46,627621.-23,555527.VD LESTE-OESTE.VD LESTE-OESTE.AV RADIAL LESTE-OESTE - LAPA/PENHA - â”œÃœNICA.10/03/2019.3.21:58:00.01:34:00.23/01/1900 03:36:00.3,6.3809.355030857A.-23,541.-46,629.Centro.2692.CEMADEN.Pluviométrica.3550308.SÃO PAULO.-46,629.-23,541
641.-46,62646.-23,53036.R TIBIRICA.R TIBIRICA BOM RETIRO.AV DO ESTADO-UNICO-SE.11/03/2019.3.04:45:00.08:44:00.03:59:00.3,98.3809.355030857A.-23,541.-46,629.Centro.2692.CEMADEN.Pluviométrica.3550308.SÃO PAULO.-46,629.-23,541
650.-46,61903.-23,55548.R OSCAR HORTA.R OSCAR HORTA.R DOM BOSCO - â”œÃœNICO.11/03/2019.3.06:18:00.12:49:00.06:31:00.6,52.3809.355030857A.-23,541.-46,629.Centro.2692.CEMADEN.Pluviométrica.3550308.SÃO PAULO.-46,629.-23,541
674.-46,62408.-23,55482.AV DO ESTADO.AV DO ESTADO BOM RETIRO.R WANDENKOLK-IPIRANGASANTANA - LOCAL-SE.11/03/2019.3.08:42:00.11:26:00.02:44:00.2,73.3809.355030857A.-23,541.-46,629.Centro.2692.CEMADEN.Pluviométrica.3550308.SÃO PAULO.-46,629.-23,541
715.-46,638806.-23,549408.AV VINTE E TRES DE MAIO."AV. VINTE E TRES DE MAIO (LIBERDADE)".PC DA BANDEIRA - SANTANA/AEROPORTO.19/03/2019.3.18:07:00.18:56:00.00:49:00.0,82.3809.355030857A.-23,541.-46,629.Centro.2692.CEMADEN.Pluviométrica.3550308.SÃO PAULO.-46,629.-23,541
728.-46,64177.-23,53758.AV RIO BRANCO.AV RIO BRANCO REPUBLICA.R GAL OSORIO  R AURORA-BAIRROCENTRO - UNICA-SE.06/04/2019.4.14:39:00.16:09:00.01:30:00.1,5.3809.355030857A.-23,541.-46,629.Centro.2692.CEMADEN.Pluviométrica.3550308.SÃO PAULO.-46,629.-23,541
729.-46,64249.-23,5366.AV RIO BRANCO.AV RIO BRANCO REPUBLICA.AV DUQ DE CAXIAS-BAIRROCENTRO - UNICA-SE.06/04/2019.4.14:45:00.16:08:00.01:23:00.1,38.3809.355030857A.-23,541.-46,629.Centro.2692.CEMADEN.Pluviométrica.3550308.SÃO PAULO.-46,629.-23,541
755.-46,64171.-23,53785.AV RIO BRANCO.AV RIO BRANCO.ALTURA DO NUMERO 633-BAIRROCENTRO - UNICA-SE.08/04/2019.4.14:34:00.14:35:00.00:01:00.0,02.3809.355030857A.-23,541.-46,629.Centro.2692.CEMADEN.Pluviométrica.3550308.SÃO PAULO.-46,629.-23,541
756.-46,64123.-23,53856.AV RIO BRANCO.AV RIO BRANCO.ALTURA DO NUMERO 547-BAIRROCENTRO - NAO INFORMADA-SE.08/04/2019.4.14:37:00.16:06:00.01:29:00.1,48.3809.355030857A.-23,541.-46,629.Centro.2692.CEMADEN.Pluviométrica.3550308.SÃO PAULO.-46,629.-23,541
758.-46,639824.-23,540294.AV RIO BRANCO.AV RIO BRANCO.ALTURA DO NUMERO 313-BAIRROCENTRO - UNICA-SE.08/04/2019.4.17:52:00.19:07:00.01:15:00.1,25.3809.355030857A.-23,541.-46,629.Centro.2692.CEMADEN.Pluviométrica.3550308.SÃO PAULO.-46,629.-23,541
761.-46,614768.-23,541812.AV RANGEL PESTANA.AV RANGEL PESTANA.R GOMES CARDIM-CENTROBAIRRO-MO.08/04/2019.4.18:06:00.18:44:00.00:38:00.0,63.3809.355030857A.-23,541.-46,629.Centro.2692.CEMADEN.Pluviométrica.3550308.SÃO PAULO.-46,629.-23,541
762.-46,61043.-23,539743.AV CELSO GARCIA.AV CELSO GARCIA.R DR COSTA VALENTE-CENTROBAIRRO-MO.08/04/2019.4.18:10:00.18:44:00.00:34:00.0,57.3809.355030857A.-23,541.-46,629.Centro.2692.CEMADEN.Pluviométrica.3550308.SÃO PAULO.-46,629.-23,541
781.-46,647754.-23,542751.R AMARAL GURGEL."R. AMARAL GURGEL".R STA ISABEL - CENTRO/BAIRRO.11/04/2019.4.08:18:00.08:46:00.00:28:00.0,47.3809.355030857A.-23,541.-46,629.Centro.2692.CEMADEN.Pluviométrica.3550308.SÃO PAULO.-46,629.-23,541
787.-46,63074.-23,53993.AV SEN QUEIROS.AV SEN QUEIROS.R BR DE DUPRAT - UNICO.16/04/2019.4.10:52:00.11:03:00.00:11:00.0,18.3809.355030857A.-23,541.-46,629.Centro.2692.CEMADEN.Pluviométrica.3550308.SÃO PAULO.-46,629.-23,541
789.-46,63074.-23,53993.R BR DE DUPRAT.R BR DE DUPRAT.AV SEN QUEIROS - â”œÃœNICO.22/04/2019.4.08:20:00.10:20:00.02:00:00.2.3809.355030857A.-23,541.-46,629.Centro.2692.CEMADEN.Pluviométrica.3550308.SÃO PAULO.-46,629.-23,541
790.-46,63074.-23,53993.AV SEN QUEIROS.AV SEN QUEIROS.R BR DE DUPRAT - UNICO.23/04/2019.4.18:03:00.18:16:00.00:13:00.0,22.3809.355030857A.-23,541.-46,629.Centro.2692.CEMADEN.Pluviométrica.3550308.SÃO PAULO.-46,629.-23,541
791.-46,63074.-23,53993.R BR DE DUPRAT.R BR DE DUPRAT.AV SEN QUEIROS - â”œÃœNICO.25/04/2019.4.07:27:00.07:40:00.00:13:00.0,22.3809.355030857A.-23,541.-46,629.Centro.2692.CEMADEN.Pluviométrica.3550308.SÃO PAULO.-46,629.-23,541
793.-46,63259.-23,54431.AV VINTE E CINCO DE MARCO.VINTE E CINCO DE MARâ”œÃ§O.LADEIRA PORTO GERAL-CENTROBAIRRO-SE.26/04/2019.4.15:53:00.19:00:00.03:07:00.3,12.3809.355030857A.-23,541.-46,629.Centro.2692.CEMADEN.Pluviométrica.3550308.SÃO PAULO.-46,629.-23,541
794.-46,62958.-23,55681.R GLICERIO.R GLICERIO.R S PAULO-UNICO - UNICA-SE.26/04/2019.4.16:01:00.16:52:00.00:51:00.0,85.3809.355030857A.-23,541.-46,629.Centro.2692.CEMADEN.Pluviométrica.3550308.SÃO PAULO.-46,629.-23,541
795.-46,62856.-23,55717.R SAO PAULO.R S PAULO.R TEIXEIRA LEITE-AMBOS - SE.26/04/2019.4.16:11:00.16:34:00.00:23:00.0,38.3809.355030857A.-23,541.-46,629.Centro.2692.CEMADEN.Pluviométrica.3550308.SÃO PAULO.-46,629.-23,541
796.-46,6271.-23,54285.AV MERCURIO.AV MERCURIO.PC S VITO-BAIRROCENTRO-SE.26/04/2019.4.16:15:00.19:00:00.02:45:00.2,75.3809.355030857A.-23,541.-46,629.Centro.2692.CEMADEN.Pluviométrica.3550308.SÃO PAULO.-46,629.-23,541
798.-46,63011.-23,54189.R DA CANTAREIRA.R DA CANTAREIRA BOM RETIRO.R COMEN AFONSO KHERLAKIAN-UNICO - UNICA-SE.26/04/2019.4.16:27:00.19:20:00.02:53:00.2,88.3809.355030857A.-23,541.-46,629.Centro.2692.CEMADEN.Pluviométrica.3550308.SÃO PAULO.-46,629.-23,541
799.-46,63011.-23,54189.R DA CANTAREIRA.RUA DA CANTAREIRA.R COMENDADOR AFONSO KHERLAKIAN-UNICO-SE.26/04/2019.4.15:55:00.19:20:00.00:23:00.0,38.3809.355030857A.-23,541.-46,629.Centro.2692.CEMADEN.Pluviométrica.3550308.SÃO PAULO.-46,629.-23,541
800.-46,64177.-23,53758.AV RIO BRANCO.AV RIO BRANCO REPUBLICA.R GAL OSORIO-BAIRROCENTRO - UNICA-SE.26/04/2019.4.16:32:00.17:25:00.00:53:00.0,88.3809.355030857A.-23,541.-46,629.Centro.2692.CEMADEN.Pluviométrica.3550308.SÃO PAULO.-46,629.-23,541
802.-46,62308.-23,55225.AV ALCANTARA MACHADO.AV ALCANTARA MACHADO.ALTURA DO NUMERO 200-AMBOS - UNICA-MO.26/04/2019.4.16:39:00.18:20:00.01:41:00.1,68.3809.355030857A.-23,541.-46,629.Centro.2692.CEMADEN.Pluviométrica.3550308.SÃO PAULO.-46,629.-23,541
804.-46,627042.-23,543123.AV MERCURIO.AV MERCURIO.PC S VITO-UNICO - ESQUERDA-SE.26/04/2019.4.16:46:00.16:47:00.00:01:00.0,02.3809.355030857A.-23,541.-46,629.Centro.2692.CEMADEN.Pluviométrica.3550308.SÃO PAULO.-46,629.-23,541
805.-46,62947.-23,540356.AV MERCURIO.AV MERCURIO.R DA CANTAREIRA-UNICO - ESQUERDA-SE.26/04/2019.4.16:50:00.17:25:00.00:35:00.0,58.3809.355030857A.-23,541.-46,629.Centro.2692.CEMADEN.Pluviométrica.3550308.SÃO PAULO.-46,629.-23,541
808.-46,63877.-23,548401.TN ANHANGABAU.TN ANHANGABAU.EMBOQUE SUL - ERA/ST (Sâ”œÃ«).28/04/2019.4.18:28:00.19:24:00.00:56:00.0,93.3809.355030857A.-23,541.-46,629.Centro.2692.CEMADEN.Pluviométrica.3550308.SÃO PAULO.-46,629.-23,541
811.-46,627042.-23,543123.AV MERCURIO.AV MERCURIO.PC S VITO - â”œÃœNICO (Sâ”œÃ«).29/04/2019.4.04:38:00.04:47:00.00:09:00.0,15.3809.355030857A.-23,541.-46,629.Centro.2692.CEMADEN.Pluviométrica.3550308.SÃO PAULO.-46,629.-23,541
832.-46,62349.-23,551907.AV ALCANTARA MACHADO.AV ALCANTARA MACHADO.R WANDENKOLK-BAIRROCENTRO - EXP-MO.03/06/2019.6.07:09:00.13:25:00.06:16:00.6,27.3809.355030857A.-23,541.-46,629.Centro.2692.CEMADEN.Pluviométrica.3550308.SÃO PAULO.-46,629.-23,541
833.-46,645506.-23,543318.R BENTO FREITAS.R BENTO FREITAS.R AURORA-UNICO-SE.03/06/2019.6.07:13:00.07:24:00.00:11:00.0,18.3809.355030857A.-23,541.-46,629.Centro.2692.CEMADEN.Pluviométrica.3550308.SÃO PAULO.-46,629.-23,541
834.-46,64553.-23,54388.R BENTO FREITAS.R BENTO FREITAS.R MARQ DE ITU-UNICO-SE.03/06/2019.6.07:17:00.07:19:00.00:02:00.0,03.3809.355030857A.-23,541.-46,629.Centro.2692.CEMADEN.Pluviométrica.3550308.SÃO PAULO.-46,629.-23,541
835.-46,627042.-23,543123.AV MERCURIO.AV MERCURIO.PC S VITO-UNICO-SE.03/06/2019.6.07:32:00.07:44:00.00:12:00.0,2.3809.355030857A.-23,541.-46,629.Centro.2692.CEMADEN.Pluviométrica.3550308.SÃO PAULO.-46,629.-23,541
840.-46,617661.-23,537887.R ORIENTE.R ORIENTE.R MILLER-UNICO-MO.03/06/2019.6.08:13:00.13:10:00.04:57:00.4,95.3809.355030857A.-23,541.-46,629.Centro.2692.CEMADEN.Pluviométrica.3550308.SÃO PAULO.-46,629.-23,541
841.-46,614768.-23,541812.AV RANGEL PESTANA.AV RANGEL PESTANA.R GOMES CARDIM-CENTROBAIRRO-MO.03/06/2019.6.08:17:00.13:04:00.04:47:00.4,78.3809.355030857A.-23,541.-46,629.Centro.2692.CEMADEN.Pluviométrica.3550308.SÃO PAULO.-46,629.-23,541
842.-46,611555.-23,54003.AV CELSO GARCIA.AV CELSO GARCIA.R JOSE DE ALENCAR-CENTROBAIRRO-MO.03/06/2019.6.08:21:00.14:53:00.06:32:00.6,53.3809.355030857A.-23,541.-46,629.Centro.2692.CEMADEN.Pluviométrica.3550308.SÃO PAULO.-46,629.-23,541
857.-46,62642.-23,53158.AV DO ESTADO.AV DO ESTADO BOM RETIRO.ALTURA DO NUMERO 1902-SANTANAIPIRANGA-SE.04/07/2019.7.08:24:00.08:34:00.00:10:00.0,17.3809.355030857A.-23,541.-46,629.Centro.2692.CEMADEN.Pluviométrica.3550308.SÃO PAULO.-46,629.-23,541
870.-46,64249.-23,5366.AV RIO BRANCO.AV RIO BRANCO REPUBLICA.AV DUQ DE CAXIAS-BAIRROCENTRO-SE.04/07/2019.7.14:55:00.15:06:00.00:11:00.0,18.3809.355030857A.-23,541.-46,629.Centro.2692.CEMADEN.Pluviométrica.3550308.SÃO PAULO.-46,629.-23,541
871.-46,63312.-23,53538.AV SEN QUEIROS.AV SEN QUEIROS REPUBLICA.R FLORENCIO DE ABREU-BAIRROCENTRO - DIREITA-SE.04/07/2019.7.15:01:00.15:05:00.00:04:00.0,07.3809.355030857A.-23,541.-46,629.Centro.2692.CEMADEN.Pluviométrica.3550308.SÃO PAULO.-46,629.-23,541
876.-46,632313.-23,541833.R VINTE E CINCO DE MARCO.R VINTE E CINCO DE MARCO.ALTURA DO NUMERO 595-UNICO-SE.04/07/2019.7.16:13:00.16:28:00.00:15:00.0,25.3809.355030857A.-23,541.-46,629.Centro.2692.CEMADEN.Pluviométrica.3550308.SÃO PAULO.-46,629.-23,541
877.-46,63106.-23,54789.R VINTE E CINCO DE MARCO.R VINTE E CINCO DE MARCO.ALTURA DO NUMERO 205-UNICO-SE.04/07/2019.7.16:17:00.16:26:00.00:09:00.0,15.3809.355030857A.-23,541.-46,629.Centro.2692.CEMADEN.Pluviométrica.3550308.SÃO PAULO.-46,629.-23,541
878.-46,627042.-23,543123.AV MERCURIO.AV MERCURIO.PC S VITO-AMBOS-SE.04/07/2019.7.17:22:00.19:36:00.02:14:00.2,23.3809.355030857A.-23,541.-46,629.Centro.2692.CEMADEN.Pluviométrica.3550308.SÃO PAULO.-46,629.-23,541
883.-46,627042.-23,543123.AV MERCURIO.AV MERCURIO.PC S VITO-UNICO-SE.04/07/2019.7.23:41:00.08:09:00.23/01/1900 08:28:00.8,47.3809.355030857A.-23,541.-46,629.Centro.2692.CEMADEN.Pluviométrica.3550308.SÃO PAULO.-46,629.-23,541
903.-46,627042.-23,543123.AV MERCURIO.AV MERCURIO.PC S VITO-BAIRROCENTRO-SE.05/07/2019.7.07:51:00.08:09:00.00:18:00.0,3.3809.355030857A.-23,541.-46,629.Centro.2692.CEMADEN.Pluviométrica.3550308.SÃO PAULO.-46,629.-23,541
912.-46,641998.-23,529929.R ANHAIA.R ANHAIA.R SILVA PINTO â”œÃœNICO.01/09/2019.9.00:28:00.01:12:00.00:44:00.0,73.3809.355030857A.-23,541.-46,629.Centro.2692.CEMADEN.Pluviométrica.3550308.SÃO PAULO.-46,629.-23,541
914.-46,64167.-23,53791.AV RIO BRANCO."AV. RIO BRANCO".ALTURA DO Nâ”œÃœMERO 633 â”œÃœNICO.01/09/2019.9.14:24:00.00:10:00.09:46:00.9,77.3809.355030857A.-23,541.-46,629.Centro.2692.CEMADEN.Pluviométrica.3550308.SÃO PAULO.-46,629.-23,541
915.-46,624333.-23,528693.AV CRUZEIRO DO SUL."AV. CRUZEIRO DO SUL".ALTURA DO Nâ”œÃœMERO 400 IPIRANGA/SANTANA.01/09/2019.9.19:05:00.00:10:00.05:05:00.5,08.3809.355030857A.-23,541.-46,629.Centro.2692.CEMADEN.Pluviométrica.3550308.SÃO PAULO.-46,629.-23,541
917.-46,638806.-23,549408.PC DA BANDEIRA."PC. DA. BANDEIRA".AV VINTE E TRES DE MAIO CENTRO/BAIRRO - Nâ”œÃ¢O INFORMADA.02/09/2019.9.04:35:00.05:20:00.00:45:00.0,75.3809.355030857A.-23,541.-46,629.Centro.2692.CEMADEN.Pluviométrica.3550308.SÃO PAULO.-46,629.-23,541
919.-46,627042.-23,543123.AV MERCURIO."AV. MERCURIO (SE)".PC S VITO â”œÃœNICO ESQUERDA.02/09/2019.9.06:15:00.06:59:00.00:44:00.0,73.3809.355030857A.-23,541.-46,629.Centro.2692.CEMADEN.Pluviométrica.3550308.SÃO PAULO.-46,629.-23,541
920.-46,627042.-23,543123.AV MERCURIO."AV. MERCURIO".PC S VITO â”œÃœNICO ESQUERDA.02/09/2019.9.06:27:00.06:42:00.00:15:00.0,25.3809.355030857A.-23,541.-46,629.Centro.2692.CEMADEN.Pluviométrica.3550308.SÃO PAULO.-46,629.-23,541
922.-46,636328.-23,550116.R SEN FEIJO."R. SEN. FEIJO".ALTURA DO Nâ”œÃœMERO 177 â”œÃœNICO.05/09/2019.9.11:24:00.12:13:00.00:49:00.0,82.3809.355030857A.-23,541.-46,629.Centro.2692.CEMADEN.Pluviométrica.3550308.SÃO PAULO.-46,629.-23,541
927.-46,611555.-23,54003.AV CELSO GARCIA."AV. CELSO GARCIA".R JOSE DE ALENCAR CENTRO/BAIRRO.28/10/2019.10.07:36:00.11:02:00.03:26:00.3,43.3809.355030857A.-23,541.-46,629.Centro.2692.CEMADEN.Pluviométrica.3550308.SÃO PAULO.-46,629.-23,541
939.-46,62947.-23,540356.AV MERCURIO."AV. MERCURIO (SE)".R DA CANTAREIRA BAIRRO/CENTRO.05/11/2019.11.18:12:00.19:05:00.00:53:00.0,88.3809.355030857A.-23,541.-46,629.Centro.2692.CEMADEN.Pluviométrica.3550308.SÃO PAULO.-46,629.-23,541
941.-46,614768.-23,541812.AV RANGEL PESTANA."AV. RANGEL PESTANA (BRAS)".R GOMES CARDIM - C/B.05/11/2019.11.18:15:00.18:54:00.00:39:00.0,65.3809.355030857A.-23,541.-46,629.Centro.2692.CEMADEN.Pluviométrica.3550308.SÃO PAULO.-46,629.-23,541
946.-46,638806.-23,549408.AV VINTE E TRES DE MAIO."AV. VINTE E TRES DE MAIO (LIBERDADE)".PC DA BANDEIRA SANTANA/AEROPORTO.05/11/2019.11.18:23:00.18:43:00.00:20:00.0,33.3809.355030857A.-23,541.-46,629.Centro.2692.CEMADEN.Pluviométrica.3550308.SÃO PAULO.-46,629.-23,541
953.-46,613863.-23,541265.AV RANGEL PESTANA."AV. RANGEL PESTANA (BRAS)".R BRIG MACHADO - C/B.05/11/2019.11.18:35:00.18:55:00.00:20:00.0,33.3809.355030857A.-23,541.-46,629.Centro.2692.CEMADEN.Pluviométrica.3550308.SÃO PAULO.-46,629.-23,541
961.-46,641682.-23,537535.AV RIO BRANCO."AV. RIO BRANCO (REPUBLICA)".R GAL OSORIO - B/C.05/11/2019.11.19:27:00.03:00:00.08:16:00.8,27.3809.355030857A.-23,541.-46,629.Centro.2692.CEMADEN.Pluviométrica.3550308.SÃO PAULO.-46,629.-23,541
974.-46,637146.-23,54713.VD DO CHA."VD. DO. CHA".ALTURA DO NUMERO 40 PATRIARCA/R AZEVEDO.06/11/2019.11.12:17:00.12:30:00.00:13:00.0,22.3809.355030857A.-23,541.-46,629.Centro.2692.CEMADEN.Pluviométrica.3550308.SÃO PAULO.-46,629.-23,541
975.-46,627762.-23,539258.R PAULA SOUSA."R. PAULA SOUSA".ALTURA DO Nâ”œÃœMERO 556 - â”œÃœNICO.09/11/2019.11.09:07:00.09:47:00.00:40:00.0,67.3809.355030857A.-23,541.-46,629.Centro.2692.CEMADEN.Pluviométrica.3550308.SÃO PAULO.-46,629.-23,541
976.-46,637549.-23,556087.AV VINTE E TRES DE MAIO."AV. VINTE E TRES DE MAIO (LIBERDADE)".VD JACEGUAI - SANTANA/AEROPORTO.10/11/2019.11.07:20:00.07:22:00.00:02:00.0,03.3809.355030857A.-23,541.-46,629.Centro.2692.CEMADEN.Pluviométrica.3550308.SÃO PAULO.-46,629.-23,541
977.-46,64363.-23,53308.AL GLETE."AL. GLETE"."AL. BR DE. PIRACICABA - â”œÃœNICO".12/11/2019.11.13:00:00.13:07:00.00:07:00.0,12.3809.355030857A.-23,541.-46,629.Centro.2692.CEMADEN.Pluviométrica.3550308.SÃO PAULO.-46,629.-23,541
978.-46,64363.-23,53308.AL GLETE."AL. GLETE"."AL. BR DE. PIRACICABA - â”œÃœNICO".12/11/2019.11.18:14:00.22:50:00.04:36:00.4,6.3809.355030857A.-23,541.-46,629.Centro.2692.CEMADEN.Pluviométrica.3550308.SÃO PAULO.-46,629.-23,541
984.-46,627557.-23,549089.AV DO ESTADO."AV. DO. ESTADO".VD VINTE E CINCO DE MARCO - SANTANA/IPIRANGA.14/11/2019.11.22:59:00.01:27:00.23/01/1900 02:28:00.2,47.3809.355030857A.-23,541.-46,629.Centro.2692.CEMADEN.Pluviométrica.3550308.SÃO PAULO.-46,629.-23,541
987.-46,627042.-23,543123.AV MERCURIO."AV. MERCURIO"."PC S. VITO - â”œÃœNICO- ESQUERDA".15/11/2019.11.05:35:00...0.3809.355030857A.-23,541.-46,629.Centro.2692.CEMADEN.Pluviométrica.3550308.SÃO PAULO.-46,629.-23,541
1016.-46,627042.-23,543123.AV MERCURIO."AV. MERCURIO"."PC S. VITO - â”œÃœNICO - ESQUERDA".27/11/2019.11.19:21:00.20:54:00.01:33:00.1,55.3809.355030857A.-23,541.-46,629.Centro.2692.CEMADEN.Pluviométrica.3550308.SÃO PAULO.-46,629.-23,541
1020.-46,627042.-23,543123.AV MERCURIO."AV. MERCURIO"."PC S. VITO - â”œÃœNICO".28/11/2019.11.00:31:00.03:15:00.02:44:00.2,73.3809.355030857A.-23,541.-46,629.Centro.2692.CEMADEN.Pluviométrica.3550308.SÃO PAULO.-46,629.-23,541
1022.-46,62308.-23,55225.AV ALCANTARA MACHADO."AV. ALCANTARA MACHADO".ALTURA DO Nâ”œÃœMERO 190 - B/C - EXP.28/11/2019.11.09:12:00.09:34:00.00:22:00.0,37.3809.355030857A.-23,541.-46,629.Centro.2692.CEMADEN.Pluviométrica.3550308.SÃO PAULO.-46,629.-23,541
1026.-46,64363.-23,53308.AL GLETE."AL. GLETE".ALTURA DO Nâ”œÃœMERO 218 - C/B.28/11/2019.11.14:45:00.15:11:00.00:26:00.0,43.3809.355030857A.-23,541.-46,629.Centro.2692.CEMADEN.Pluviométrica.3550308.SÃO PAULO.-46,629.-23,541
1027.-46,642826.-23,534139.AL BR DE PIRACICABA."AL. BR. DE. PIRACICABA".ALTURA DO Nâ”œÃœMERO 223 - B/C.28/11/2019.11.14:50:00.15:12:00.00:22:00.0,37.3809.355030857A.-23,541.-46,629.Centro.2692.CEMADEN.Pluviométrica.3550308.SÃO PAULO.-46,629.-23,541
1034.-46,627042.-23,543123.AV MERCURIO."AV. MERCURIO"."PC S. VITO - UNICO - ESQUERDA".05/12/2019.12.17:37:00.19:45:00.02:08:00.2,13.3809.355030857A.-23,541.-46,629.Centro.2692.CEMADEN.Pluviométrica.3550308.SÃO PAULO.-46,629.-23,541
1048.-46,631848.-23,547481.R DR BITTENCOURT RODRIGUES."R. DR. BETTENCOURT RODRIGUES".ALTURA DO NUMERO 268 - UNICO.09/12/2019.12.17:13:00.19:24:00.02:11:00.2,18.3809.355030857A.-23,541.-46,629.Centro.2692.CEMADEN.Pluviométrica.3550308.SÃO PAULO.-46,629.-23,541
1052.-46,62826.-23,554.R GLICERIO."R. GLICERIO".ALTURA DO NUMERO 194 - UNICO.10/12/2019.12.14:27:00.14:41:00.00:14:00.0,23.3809.355030857A.-23,541.-46,629.Centro.2692.CEMADEN.Pluviométrica.3550308.SÃO PAULO.-46,629.-23,541
1060.-46,628154.-23,53722.R DA CANTAREIRA."R. DA CANTAREIRA (BOM RETIRO)".R MAUA - UNICO - UNICA.10/12/2019.12.15:10:00.15:52:00.00:42:00.0,7.3809.355030857A.-23,541.-46,629.Centro.2692.CEMADEN.Pluviométrica.3550308.SÃO PAULO.-46,629.-23,541
1064.-46,614768.-23,541812.AV RANGEL PESTANA."AV. RANGEL PESTANA (BRAS)".R GOMES CARDIM - CENTRO/BAIRRO.10/12/2019.12.15:27:00.18:10:00.02:43:00.2,72.3809.355030857A.-23,541.-46,629.Centro.2692.CEMADEN.Pluviométrica.3550308.SÃO PAULO.-46,629.-23,541
1066.-46,64177.-23,53758.AV RIO BRANCO."AV. RIO BRANCO".R DOS GUSMOES - BAIRRO/CENTRO.10/12/2019.12.15:38:00.15:48:00.00:10:00.0,17.3809.355030857A.-23,541.-46,629.Centro.2692.CEMADEN.Pluviométrica.3550308.SÃO PAULO.-46,629.-23,541
1069.-46,641682.-23,537535.AV RIO BRANCO."AV. RIO BRANCO (REPUBLICA)".R GAL OSORIO - BAIRRO/CENTRO.10/12/2019.12.15:44:00.16:51:00.01:07:00.1,12.3809.355030857A.-23,541.-46,629.Centro.2692.CEMADEN.Pluviométrica.3550308.SÃO PAULO.-46,629.-23,541
1070.-46,630943.-23,543202.R BR DE DUPRAT."R. BR. DE. DUPRAT".ALTURA DO NUMERO 115 - UNICO - UNICA.10/12/2019.12.15:44:00.15:49:00.00:05:00.0,08.3809.355030857A.-23,541.-46,629.Centro.2692.CEMADEN.Pluviométrica.3550308.SÃO PAULO.-46,629.-23,541
1073.-46,632772.-23,549419.R VENCESLAU BRAS."R. VENCESLAU BRAS"."R IRMA. SIMPLICIANA - UNICO".10/12/2019.12.16:19:00.17:24:00.01:05:00.1,08.3809.355030857A.-23,541.-46,629.Centro.2692.CEMADEN.Pluviométrica.3550308.SÃO PAULO.-46,629.-23,541
1074.-46,64167.-23,53791.AV RIO BRANCO."AV. RIO BRANCO".ALTURA DO NUMERO 633 - BAIRRO/CENTRO.10/12/2019.12.16:29:00.16:42:00.00:13:00.0,22.3809.355030857A.-23,541.-46,629.Centro.2692.CEMADEN.Pluviométrica.3550308.SÃO PAULO.-46,629.-23,541
1083.-46,627042.-23,543123.AV MERCURIO."AV. MERCURIO"."PC S. VITO - ESQUERDA".10/12/2019.12.19:04:00.19:41:00.00:37:00.0,62.3809.355030857A.-23,541.-46,629.Centro.2692.CEMADEN.Pluviométrica.3550308.SÃO PAULO.-46,629.-23,541
1086.-46,627042.-23,543123.AV MERCURIO."AV. MERCURIO"."PC S. VITO - BAIRRO/CENTRO".11/12/2019.12.05:55:00.06:16:00.00:21:00.0,35.3809.355030857A.-23,541.-46,629.Centro.2692.CEMADEN.Pluviométrica.3550308.SÃO PAULO.-46,629.-23,541
1095.-46,642406.-23,541297.R AURORA."R. AURORA".ALTURA DO NUMERO 676 - AMBOS.11/12/2019.12.17:53:00.19:09:00.01:16:00.1,27.3809.355030857A.-23,541.-46,629.Centro.2692.CEMADEN.Pluviométrica.3550308.SÃO PAULO.-46,629.-23,541
1097.-46,627042.-23,543123.AV MERCURIO."AV. MERCURIO"."PC S. VITO - ESQUERDA".11/12/2019.12.18:17:00.18:32:00.00:15:00.0,25.3809.355030857A.-23,541.-46,629.Centro.2692.CEMADEN.Pluviométrica.3550308.SÃO PAULO.-46,629.-23,541
1098.-46,627118.-23,542867.PC SAO VITO."PC. S VITO (SE)".AV MERCURIO - UNICO - ESQUERDA.11/12/2019.12.18:22:00.18:32:00.00:10:00.0,17.3809.355030857A.-23,541.-46,629.Centro.2692.CEMADEN.Pluviométrica.3550308.SÃO PAULO.-46,629.-23,541
1099.-46,631949.-23,547286.R DR BITTENCOURT RODRIGUES."R. DR. BETTENCOURT RODRIGUES".PC FERNANDO COSTA - UNICO - UNICA.11/12/2019.12.18:23:00.19:22:00.00:59:00.0,98.3809.355030857A.-23,541.-46,629.Centro.2692.CEMADEN.Pluviométrica.3550308.SÃO PAULO.-46,629.-23,541
1104.-46,639403.-23,549788.PC DA BANDEIRA."PC. DA. BANDEIRA".ALTURA DO NUMERO 58 - UNICO.14/12/2019.12.16:06:00.17:08:00.01:02:00.1,03.3809.355030857A.-23,541.-46,629.Centro.2692.CEMADEN.Pluviométrica.3550308.SÃO PAULO.-46,629.-23,541
1108.-46,63891.-23,54979.PC DA BANDEIRA."PC. DA. BANDEIRA".R STO AMARO - CENTRO/BAIRRO.14/12/2019.12.16:27:00.16:34:00.00:07:00.0,12.3809.355030857A.-23,541.-46,629.Centro.2692.CEMADEN.Pluviométrica.3550308.SÃO PAULO.-46,629.-23,541
1126.-46,641682.-23,537535.AV RIO BRANCO."AV. RIO BRANCO (REPUBLICA)".R GAL OSORIO - BAIRRO/CENTRO.17/12/2019.12.16:35:00.18:00:00.01:25:00.1,42.3809.355030857A.-23,541.-46,629.Centro.2692.CEMADEN.Pluviométrica.3550308.SÃO PAULO.-46,629.-23,541
1133.-46,615697.-23,542419.R JOAQUIM NABUCO."R. JOAQUIM NABUCO".AV RANGEL PESTANA - BAIRRO/CENTRO.18/12/2019.12.08:02:00.09:11:00.01:09:00.1,15.3809.355030857A.-23,541.-46,629.Centro.2692.CEMADEN.Pluviométrica.3550308.SÃO PAULO.-46,629.-23,541
1134.-46,637146.-23,54713.VD DO CHA."VD. DO. CHA".ALTURA DO NUMERO 0 - PATRIARCA/R AZEVEDO.18/12/2019.12.13:01:00.13:34:00.00:33:00.0,55.3809.355030857A.-23,541.-46,629.Centro.2692.CEMADEN.Pluviométrica.3550308.SÃO PAULO.-46,629.-23,541
1139.-46,641155.-23,538239.AV RIO BRANCO."AV. RIO BRANCO (REPUBLICA)".R DOS GUSMOES - BAIRRO/CENTRO.23/12/2019.12.14:23:00.15:17:00.00:54:00.0,9.3809.355030857A.-23,541.-46,629.Centro.2692.CEMADEN.Pluviométrica.3550308.SÃO PAULO.-46,629.-23,541
1140.-46,64177.-23,53758.AV RIO BRANCO."AV. RIO BRANCO".R DOS GUSMOES - BAIRRO/CENTRO - â”œÃœNICO.23/12/2019.12.14:23:00.15:17:00.00:54:00.0,9.3809.355030857A.-23,541.-46,629.Centro.2692.CEMADEN.Pluviométrica.3550308.SÃO PAULO.-46,629.-23,541
1161.-46,627042.-23,543123.AV MERCURIO."AV. MERCURIO (SE)".PC S VITO - BAIRRO/CENTRO.23/12/2019.12.19:09:00.21:24:00.02:15:00.2,25.3809.355030857A.-23,541.-46,629.Centro.2692.CEMADEN.Pluviométrica.3550308.SÃO PAULO.-46,629.-23,541
