word,count
sp,528
brazil,420
saopaulo,129
brasil,90
sampa,70
carnaval,65
music,59
amor,49
deus,44
bomdia,41
sempre,37
liberdade,37
vejasp,36
instagood,35
splovers,35
fe,34
gratidao,33
musica,33
saopaulocity,33
cidadedagaroa,31
instalike,30
photography,30
vida,30
saopaulowalk,30
baianasystem,29
spdagaroa,29
love,28
anos,27
dj,27
sucesso,27
igsaopaulo,27
naviopirata,26
senteopeso,26
boanoite,26
cosplay,26
saopaulooriginals,25
padrealessandrocampos,25
catracasp,24
meditaçao,24
olharesdesampa,24
cosplayart,24
hit,23
archivesp,23
liba,22
top,22
fashion,22
soul,22
sertanejo,22
espiritualidade,21
rock,21
sigasp,21
parabens,20
dias,20
follow,20
lifestyle,20
reflexao,20
summer,20
metro,20
show,20
jg,20
reidosertanejocarioca,20
soufadojoaogabriel,20
sertanejou,20
countrymusic,20
country,20
vemmedarumbeijo,20
encontrocosplaynaliba,20
vempraliba,20
gay,19
familia,19
photo,19
mulheres,19
photooftheday,19
amigos,18
by,18
vinyl,18
serato,17
vinil,17
beard,17
terrasanta,17
vamos,16
tempo,16
corinthians,16
and,16
instadaily,16
milionarios,16
osasco,16
equilibrio,16
melody,16
soulmusic,16
funksoul,16
oldschool,16
deejay,16
mundo,16
ano,16
donadosmeussonhos,16
mondaymotivation,16
vivaavida,15
to,15
bem,14
paz,14
chuva,14
of,14
feliz,14
i,14
art,14
amo,14
redessociais,14
city,14
samba,14
trabalho,14
melhor,14
beautiful,14
funk,14
travel,14
foodporn,14
moda,14
carnavalsp,14
from,14
you,14
mulher,13
the,13
produtora,13
abc,13
goodnight,13
smile,13
porque,13
bom,13
artista,13
model,12
glamour,12
mae,12
amiga,12
vibe,12
jesus,12
repost,12
hiphop,12
cute,12
siga,12
food,12
soulfunk,12
flores,12
goodmorning,12
pretinha,12
sunset,12
fitness,12
fun,12
semana,12
friends,12
blogger,12
naoalugueumford,12
dontbuyaford,12
dontrentaford,12
lutamospelonossoemprego,12
ford,12
fordusa,12
forddetroit,12
fordeurope,12
cbs,12
cnn,12
nbc,12
estadao,12
folhadesaopaulo,12
arte,11
camiseta,11
streetphotography,11
cor,11
tattoo,11
amazing,11
municipal,11
goodvibes,11
boamadrugada,11
cat,11
cliente,11
portrait,11
loja,11
nunca,10
gaysp,10
gaybrasil,10
essepe,10
sol,10
bora,10
artwork,10
pagode,10
queen,10
vem,10
pretty,10
instafashion,10
historia,10
job,10
super,10
lovemoon,10
percing,10
bodypercing,10
tattoomodel,10
tatuagemnerd,10
niggastyle,10
cats,10
amizade,10
vsco,10
winter,10
tagsforlikes,10
showtime,10
beauty,10
joaogabriel,10
relax,10
fotografia,10
alemdokiai,10
rumoaobloco,10
beleza,9
streetstyle,9
selfie,9
fica,9
pessoas,9
in,9
bloco,9
lugar,9
luz,9
drawing,9
poder,9
girls,9
night,9
light,9
caminho,9
family,9
carinho,9
redeglobo,9
chill,9
lançamento,9
on,9
amp,9
reposted,9
adpm,9
modelo,8
modafeminina,8
vezes,8
pena,8
saude,8
your,8
viva,8
força,8
coragem,8
casa,8
deusebomotempotodo,8
disponivel,8
boatarde,8
gravacaotv,8
autoral,8
blackmusic,8
linda,8
deixe,8
make,8
hotwomen,8
senhor,8
youtubers,8
serie,8
vou,8
solicite,8
orçamento,8
negro,8
ash,8
aniversario,8
kitten,8
argoth,8
felicidade,8
tbt,8
pitacosdovovo,8
carnavrau,8
vscocam,8
alegria,8
bluesrock,8
hardrock,8
malemodel,8
gorgeous,8
positiveenergy,8
vibes,8
westsideradio,8
worldwide,8
futurebeatsrecords,8
pensamentos,8
oftheday,8
happy,8
dog,8
ootd,8
menstyle,8
falar,8
motivaçao,8
sketch,8
creative,8
instaart,8
instaartist,8
artstagram,8
painting,8
artoftheday,8
adk,8
maternidade,8
inked,8
pose,8
penteada,8
naruto,8
propria,8
santa,7
alma,7
avaliaçao,7
teatro,7
nada,7
boy,7
precisa,7
centro,7
boa,7
way,7
lk,7
fire,7
cd,7
momento,7
programa,7
novo,7
urban,7
inspirations,7
compromisso,7
proxima,7
tiagolimafotoevideo,7
festa,7
bom_dia,7
alternative,7
cura,7
coraçao,7
pois,7
live,7
kissfmfmfmaradiorock,7
rainha,7
homem,7
party,7
lindo,7
rapnacional,7
theatro,7
vale,7
festival,7
deadpool,7
estampa,7
doces,7
traveller,7
carnavalderua,6
cecilia,6
volta,6
ensaio,6
sexy,6
styleinspiration,6
fashionbloggers,6
estilo,6
itgirl,6
navio,6
pirata,6
especialista,6
fisiologia,6
exercicio,6
biomecanica,6
fisica,6
shopping,6
faça,6
tatto,6
ver,6
usa,6
an,6
atras,6
conhecer,6
zonasul,6
queijo,6
tribal,6
mosh,6
vendas,6
orgulho,6
paulista,6
sampacity,6
produçao,6
tomar,6
conta,6
deezer,6
musicafafa,6
her,6
pop,6
photoshoot,6
artofvisuals,6
angle,6
colors,6
streetactivity,6
ar,6
dragqueen,6
black,6
seduction,6
glamourwomen,6
diadamulher,6
sesc,6
gols,6
salve,6
musiccollection,6
musiccollector,6
cafe,6
humor,6
pacaembu,6
cachorro,6
contato,6
literaturabrasileiro,6
milagres,6
amorproprio,6
fazendo,6
blog,6
musicas,6
frases,6
santos,6
hot,6
quemsabefazautoral,6
jogo,6
melhores,6
retratosdesnudosdavida,6
london,6
hair,6
certo,6
resenhando,6
rap,6
maryellenfsm,6
euamocrochet,6
comedia,6
womenfashion,6
fashiongoals,6
lookoftheday,6
meses,6
photographer,6
instagay,6
retrato,6
editorial,6
masculine,6
lugardenovoscomeços,6
lagoinhasp,6
falatarcisio,6
inspiration,6
orlando,6
dogsofinstagram,6
karate,6
karatebrasil,6
look,6
nova,6
redesocial,6
publicidade,6
midiassociais,6
gerenciamentoderedessociais,6
gestaoderedesociais,6
vagas,6
amanhatemmais,6
docesdefesta,6
instatravel,6
travelling,6
menino,6
tatuagem,6
goloop,6
bandaautoral,6
brazilianband,6
rotina,6
diaadia,6
today,6
tododia,6
urbanismo,6
urbano,6
trip,6
travelphotography,6
galaxy,6
travelgram,6
masculina,6
confeccionada,6
meia,6
fabricaçao,6
karaoke,5
avenida,5
pirataria,5
respeitaaa,5
veganos,5
qualidade,5
terra,5
my,5
tanto,5
peças,5
deusnocomando,5
merece,5
comigo,5
energia,5
del,5
alo,5
grande,5
with,5
vivo,5
tour,5
inimigosdahp,5
especial,5
ajudar,5
sorte,5
made,5
makeup,5
elenco,5
porto,5
ninguem,5
jogos,5
verde,5
homenagem,5
errado,5
estampas,5
bençao,5
completo,5
poema,5
architecture,5
face,5
gosto,5
manha,5
style,5
livro,5
fisioterapia,5
palavras,5
barra,5
anitta,5
concert,5
curso,5
pessoa,5
danielamercury,5
quemsabefazaovivo,5
tamanho,5
sonhos,5
ferias,5
disney,5
mario,5
carnival,5
contra,5
timao,5
curta,5
si,5
acreditar,5
flor,5
nature,5
blocodapreta,5
começa,5
quanto,5
time,5
entrevista,5
our,5
luta,5
physique,5
run,5
descanso,5
gallery,5
gaming,5
abençoe,5
unidades,5
karateadpm,5
bio,5
lookdodia,5
umbanda,5
maior,5
natura,5
this,5
galera,5
inicio,5
temporal,5
autor,5
streamer,5
alagamento,5
personalizada,5
valeu,4
tiradentes,4
saturday,4
mercury,4
gayboy,4
cara,4
passou,4
glbt,4
crossfit,4
thebeardedhomo,4
forte,4
crossfitgames,4
demais,4
call,4
or,4
send,4
email,4
photoshoots,4
banda,4
joia,4
ture,4
inspiraçao,4
zs,4
jardimlidia,4
ff,4
ll,4
rtb,4
likes,4
encontra,4
saibaqueeuteamo,4
começar,4
moshestudio,4
especiais,4
amosp,4
dum,4
moderaçao,4
saudade,4
varios,4
agradeço,4
guitar,4
guitars,4
chapadanacalcinhadobiquini,4
incrivel,4
povo,4
mg,4
minhaterra,4
heart,4
rnb,4
canal,4
terradagaroa,4
catedraldase,4
disco,4
nightlights,4
streetleaks,4
noite,4
musicaeaalmadeumafesta,4
moment,4
snapshot,4
nice,4
allshots,4
composition,4
photos,4
brunnette,4
hairbrained,4
bloquinho,4
inkedtattoo,4
consolaçao,4
wicca,4
galeria,4
foda,4
filhos,4
commentme,4
imagedownloader,4
boaa,4
viver,4
brazilian,4
tenis,4
nike,4
vinho,4
djrafinhaoliiver,4
cardas,4
mandelas,4
ira,4
deixar,4
brasileiro,4
elieserambrosio,4
imersao,4
cloudexpert,4
entidadeblues,4
saber,4
cdcollection,4
cdcollector,4
punkrock,4
alto,4
ph,4
amados,4
deve,4
pouco,4
treino,4
agende,4
carpediem,4
incriveis,4
ceu,4
literaturaperiferica,4
grajau,4
poetry,4
poem,4
belem,4
nome,4
atendimento,4
sun,4
vi,4
irmao,4
diainternacionaldamulher,4
scooterista,4
valor,4
quer,4
woman,4
games,4
android,4
ler,4
blogueirinha,4
christinedaae,4
women,4
barrafunda,4
funda,4
kondzilla,4
globo,4
djmarkyandfriends,4
lionsnightclub,4
venha,4
blues,4
pipoca,4
universo,4
hamburguer,4
cake,4
pascoa,4
país,4
pipocadarainha,4
culinaria,4
marvel,4
out,4
history,4
vamoscorinthians,4
sccp,4
timedopovo,4
canon,4
stylish,4
paidemenina,4
dar,4
graffiti,4
sabe,4
futurebeats,4
complexion,4
thefuturebeatsshow,4
folia,4
pensamento,4
parrilla,4
bbqbrasil,4
deixa,4
photonovelas,4
turistando,4
turistar,4
paixao,4
igers,4
bestoftheday,4
maravilhoso,4
alguem,4
comedy,4
relacionamento,4
feira,4
yeah,4
all,4
tures,4
ootdgals,4
modaparamulheres,4
rockandroll,4
izaiaspaes,4
nintendo,4
magazine,4
pele,4
cinema,4
parocalçados,4
western,4
downtownfest,4
craigmack,4
rapping,4
rapper,4
mjb,4
dayoff,4
comando,4
frasesdeamor,4
igreja,4
deontem,4
organiza,4
trabalhar,4
amei,4
youtuber,4
retiro,4
pinacoteca,4
buenastardes,4
bebeabordo,4
faith,4
juntossomosmaisquevencedores,4
karatefalcaoazul,4
geografia,4
grunge,4
cidade,4
shirley,4
camisetas,4
umbandaeamor,4
umbandasagrada,4
umbandaeucurto,4
dream,4
gracias,4
santacecilia,4
dance,4
fome,4
corre,4
terapia,4
teamo,4
amomuito,4
report,4
suites,4
lazer,4
prazer,4
conforto,4
desconhecido,4
corrida,4
maximo,4
like,4
seguir,4
gaybear,4
gaybeard,4
chub,4
bearking,4
beardking,4
instabeard,4
instabear,4
oso,4
hairychest,4
barbado,4
up,4
afcmuaythai,4
hojetemmuaythai,4
thaiboxing,4
validade,4
plussize,4
happymonday,4
rooftop,4
itboy,4
togheter,4
gabrielmdoimo,4
schummizera,4
gmd,4
dicasgmd,4
decorado,4
instadog,4
cacheada,4
cachosdivos,4
contemporaryart,4
seguidores,4
changinglivesdaily,4
motivation,4
ink,4
leagueoflegends,4
orquestravoadora,4
unclegrandpa,4
theloop,4
showsrock,4
rockautoral,4
rocknacional,4
rocknroll,4
frasedodia,4
kushina,4
cotidiano,4
green,4
blend,4
acrilica,4
raridades,4
memes,4
lema,4
ubuntu,4
diamantes,4
turismo,4
chuvas,4
chuvaforte,4
tempestade,4
inundacao,4
enchentes,4
advogado,4
ue,4
seminarionossasenhoradagloria,4
fc,4
instatrip,4
opesodapalavra,3
abbapai,3
arianycannone,3
arlivre,3
cambio,3
kkkkkkkkkk,3
ps,3
loveyourself,3
men,3
ganhar,3
lgbt,3
lesbicas,3
gaylife,3
pao,3
adoro,3
boa_noite,3
vivara,3
persistencia,3
dedicaçao,3
certeza,3
referencia,3
nave,3
edm,3
piscina,3
lublack,3
stylulk,3
geral,3
tirei,3
cantor,3
worship,3
internacional,3
exclusivas,3
tito,3
mostrar,3
jeito,3
bodypersonalizado,3
app,3
amigo,3
when,3
it,3
sigam,3
guitarrista,3
vaiqueefacil,3
sentimentos,3
emoçoes,3
saiu,3
pouquinho,3
con,3
inventario,3
padre,3
fds,3
fafacompositora,3
fafa,3
day,3
cerveja,3
equipe,3
beat,3
fim,3
crossland,3
sair,3
passado,3
sabadou,3
pro,3
estrela,3
pensa,3
passa,3
devido,3
beyonce,3
kryolan,3
lab,3
witchcraft,3
swag,3
djguihdazo,3
capitao,3
aberta,3
sunday,3
phyton,3
vegan,3
seuestilo,3
pinheiros,3
paulo,3
irma,3
estar,3
oportunidade,3
rafinhaoliiver,3
perfeito,3
corpo,3
deep,3
dedash,3
getrepost,3
marca,3
mpb,3
pensamentospositivos,3
gimme,3
coffee,3
spsobretrilhos,3
metrosp,3
realmente,3
facil,3
augusta,3
campeonato,3
desejo,3
venham,3
lançamos,3
empreendedoras,3
djguidazo,3
horarios,3
las,3
calabresa,3
literaturamarginal,3
peace,3
club,3
minutos,3
viajecompadrealessandrocampos,3
espiritual,3
estamosh,3
zonaleste,3
recomeço,3
use,3
receber,3
principalmente,3
cima,3
roupas,3
disponiveis,3
soweto,3
pessoal,3
bolo,3
fundo,3
joao,3
dou,3
girl,3
diadasmulheres,3
fiel,3
pai,3
sabedoria,3
quero,3
agradecer,3
honra,3
babyli,3
palmeiras,3
flamengo,3
sbt,3
stularsen,3
djmarky,3
posso,3
sei,3
amar,3
maravilhosa,3
porta,3
rainhama,3
vitorias,3
hamburguerartesanal,3
air,3
eletrica,3
ali,3
ediçao,3
cacau,3
be,3
is,3
has,3
lembrar,3
graça,3
glitter,3
livros,3
tatuape,3
final,3
mes,3
we,3
stories,3
chama,3
teatrofolha,3
corte,3
maos,3
curtir,3
sangue,3
churrasco,3
bbq,3
natureza,3
gisart,3
criança,3
escola,3
comida,3
ligar,3
dificil,3
namoro,3
tattoos,3
barulho,3
beber,3
vidas,3
tpmbasica,3
styleinspo,3
fa,3
shows,3
kitty,3
filhotes,3
spitzalemao,3
cdc,3
terror,3
instarap,3
divertido,3
off,3
are,3
direita,3
auau,3
catupiry,3
contratar,3
curtiu,3
confiar,3
bruxa,3
horario,3
harleydavidson,3
idade,3
chegou,3
delicia,3
celtics,3
herniadedisco,3
musical,3
two,3
thank,3
lembrese,3
staysorlando,3
produtos,3
bebe,3
play,3
freedom,3
gym,3
madura,3
preparatorios,3
algo,3
gravaçao,3
figurino,3
mano,3
recebo,3
hilgert,3
macetesdemae,3
conciliar,3
som,3
camisa,3
encontrar,3
rubenssaraceni,3
codigodeumbanda,3
midiadigital,3
agenciadepublicidade,3
goodmusic,3
tiagolimaproduçoes,3
work,3
tattoedboy,3
burguerking,3
viu,3
just,3
cause,3
forma,3
copa,3
styling,3
proximos,3
mente,3
dash,3
indique,3
vontade,3
abraços,3
amplo,3
cobertura,3
aliados,3
modernidade,3
dobre,3
largura,3
vista,3
capital,3
faremos,3
planos,3
game,3
if,3
want,3
us,3
papai,3
menina,3
barbabrava,3
album,3
ipiranga,3
docinhosgourmet,3
palavra,3
estado,3
monday,3
boas,3
profissional,3
saiba,3
bandana,3
ruiva,3
trilha,3
macunaima,3
agua,3
terça,3
ideia,3
presidente,3
trio,3
wonderwoman,3
titioavo,3
bike,3
cultura,3
altura,3
rua,3
rota,3
vs,3
pizzahut,3
spray,3
momentos,3
tela,3
jardim,3
plantas,3
tatuagemfeminina,3
mm,3
acomoda,3
estampado,3
www,3
consigo,3
touch,3
advocacia,3
corretivo,3
poison,3
steak,3
batecabelo,3
horas,2
hipnose,2
clinica,2
pratica,2
longo,2
sogoplaza,2
instagrammer,2
saturdayvibes,2
mensstreetstyle,2
followforfollowback,2
lixo,2
salvesampaoli,2
vaisermassacre,2
salvesantos,2
filho,2
corrosa,2
musculos,2
careca,2
bloquinhodadiversidade,2
gays,2
lesbica,2
leite,2
receita,2
paocaseiro,2
cozinhar,2
amistoso,2
ibirapuera,2
modo,2
passam,2
tamo,2
sozinhas,2
lifevivara,2
pingente,2
pulseira,2
demimpramim,2
eumeamo,2
what,2
can,2
first,2
good,2
lightning,2
foco,2
meta,2
newprofile,2
suave,2
publico,2
ne,2
vaporizador,2
ervas,2
original,2
forças,2
lutar,2
iluminaçao,2
bless,2
blessed,2
queijos,2
musicaboa,2
freak,2
amannda,2
liuerafa,2
photoofday,2
obrigadodeuspormaisumdia,2
newway,2
condominio,2
new,2
bandalk,2
agoraquemnaoquersoueu,2
mexeu,2
pelvis,2
dei,2
workshop,2
juschulze,2
assoalho,2
pelvico,2
volte,2
trair,2
coçar,2
bibi,2
ferreira,2
deusefiel,2
producao,2
filmagem,2
beijos,2
comemorar,2
djing,2
djday,2
importadas,2
india,2
dubai,2
estarao,2
importando,2
fabricado,2
linhas,2
sergipanodecoracao,2
euamosp,2
euamosaopaulo,2
amosaopaulo,2
manter,2
olhos,2
al,2
faccaocentraloficial,2
wgichsomonstro,2
ghost,2
blindado,2
princesinha,2
expor,2
populaçao,2
conhecimento,2
chega,2
ressaca,2
bone,2
dogkebi,2
peça,2
okmestre,2
canalvoxyoutube,2
canalvox,2
canalvoxtv,2
rosymello,2
empresa,2
davi,2
martins,2
ansiedade,2
depressao,2
medo,2
cabelo,2
always,2
im,2
put,2
find,2
ill,2
batistadyllan,2
acima,2
usando,2
cupom,2
djs,2
djdavidsan,2
pioneerdj,2
ddjsr,2
queassimseja,2
artlife,2
photodrawing,2
photopainting,2
watercolor,2
abrigo,2
instartwork,2
instart,2
artesvisuais,2
arthelp,2
instame,2
vestidinho,2
minhamaequefez,2
colar,2
comprei,2
deoculos,2
doculosmultimarcas,2
bolsinha,2
pontos,2
querem,2
episodio,2
pau,2
marzo,2
verduras,2
porcion,2
arroz,2
go,2
inventory,2
inventorymanagement,2
inventariointeligente,2
inventariodeestoque,2
inventarios,2
otimo,2
frutalmg,2
that,2
big,2
happycouple,2
etudes,2
senac,2
languefrançaise,2
courses,2
chamar,2
opera,2
genre,2
song,2
songs,2
girlslikegirls,2
girlspower,2
dubstep,2
beats,2
diabo,2
vencendo,2
pastorhenriquevieira,2
nolie,2
legalizeganja,2
legalize,2
legalizabrasil,2
legalizando,2
cannabis,2
cannabiscommunity,2
keep,2
back,2
inscreva,2
mensagemdacruz,2
vieram,2
celebrar,2
mestreyoda,2
masteryoda,2
padawan,2
jedi,2
jedimaster,2
zika,2
awesome,2
turistas,2
catedraldasesp,2
pracadase,2
sorvete,2
adrianrianchocosta,2
fizemos,2
leve,2
louco,2
acabar,2
ruim,2
problemas,2
importante,2
dançar,2
djpaulinhofidalgo,2
internationalstandard,2
diamundialdodj,2
behavior,2
mycalvins,2
calvinkleinunderwear,2
jeffreestar,2
instaphoto,2
piscininhaamor,2
bartemplo,2
produçoes,2
soulabdudamolinos,2
hairstyle,2
blondehair,2
wella,2
antesedepois,2
thiagobraga,2
duda,2
molinos,2
mirrorselfie,2
wiccan,2
goth,2
gothic,2
goticasuave,2
cabelocolorido,2
singer,2
perfeita,2
francescoscavullo,2
proprio,2
fantasia,2
satuday,2
followme,2
cantarei,2
praça,2
mudarfazbem,2
boyfriend,2
eurotrips,2
sneakers,2
animalprint,2
snake,2
instashoes,2
filme,2
dea,2
james,2
zeldinha,2
thelegendofzelda,2
nintendoswitch,2
page,2
direto,2
visita,2
imoveis,2
caos,2
interior,2
direito,2
blocotictacfestival,2
aftertictacfestival,2
aquisefazvibe,2
euinspiroalguem,2
cardasead,2
joga,2
raba,2
pros,2
taboao,2
franjas,2
geraçoes,2
palco,2
cabelao,2
podemos,2
metodo,2
pontoamericano,2
projetos,2
excelente,2
muchas,2
les,2
unninosabio,2
trabalhos,2
grupo,2
djelieser,2
diadodj,2
deephouse,2
azure,2
comente,2
lista,2
espera,2
workout,2
aprendizagem,2
conhecimentos,2
passos,2
bolsa,2
fabio,2
escritorio,2
estilhacos,2
punk,2
musicapopularbrasileiro,2
sonhealto,2
rumoashehulk,2
odontologia,2
renerusso,2
comedians,2
standup,2
comediante,2
humoristas,2
km,2
itaimbibi,2
parquedopovo,2
ferroviaria,2
jean,2
bruno,2
radiopaulistano,2
comemoracao,2
inicia,2
sabio,2
fara,2
acontecendo,2
escolhe,2
son,2
hoy,2
canto,2
despierta,2
ya,2
atualizada,2
viscose,2
alta,2
claro,2
forno,2
blonde,2
dont,2
segura,2
lacre,2
amoraoinfinitoealem,2
amovoce,2
vocemeama,2
nosamamos,2
felizdiadamulher,2
mulheresdaminhavida,2
marco,2
veio,2
mau,2
sono,2
assista,2
perfil,2
mardagalileia,2
pastorgrando,2
terçafeira,2
morning,2
itaquera,2
social,2
sunshine,2
sunrise,2
reflita,2
umbilete,2
sejagrato,2
mensagens,2
pazdeespirito,2
psicologiaporamor,2
refletir,2
citaçoes,2
frasesinspiradoras,2
esperança,2
modelos,2
mundodeoz,2
belo,2
soudosamba,2
sambaepagode,2
soalusalva,2
luanabarrelliphoto,2
saiadocomum,2
lar,2
delicioso,2
espero,2
galeriadorock,2
guiasp,2
euvejosp,2
motonauta,2
deem,2
mujer,2
crossmidia,2
transmidia,2
multimidia,2
hq,2
movies,2
quadrinhos,2
filmes,2
celular,2
monte,2
proximo,2
obrigadasenhor,2
grlpwr,2
mammamiamusical,2
drink,2
thor,2
vicios,2
parceiros,2
was,2
usjt,2
enfermagem,2
universidade,2
eugabijacob,2
mosaico,2
kamaunomic,2
planoaudioeavante,2
felizdiainternacionaldamulher,2
orgulhodesermulher,2
fantasmabr,2
afronerd,2
maryjackson,2
minasnerds,2
guerreiras,2
batalhadoras,2
sensacionais,2
maravilhosas,2
explodida,2
fio,2
cheio,2
xicara,2
sobrehoje,2
blocodopoderoso,2
blocodametropolitana,2
brail,2
marques,2
vicente,2
paciencia,2
apae,2
vasco,2
botafogo,2
fluminense,2
record,2
band,2
riodejaneiro,2
cine,2
drumnbass,2
dnb,2
drumandbass,2
electronicmusic,2
undergroundmusic,2
ve,2
passar,2
animado,2
conexao,2
censura,2
segurar,2
abra,2
armario,2
beijar,2
rainhadoaxe,2
paulorocha,2
acoustic,2
unkle,2
nowheretorun,2
digiorgio,2
mooca,2
faixa,2
elementos,2
dominar,2
completamente,2
otima,2
blocodasppderosas,2
lexa,2
hyundai,2
flex,2
automatico,2
direçao,2
hidraulica,2
condicionado,2
bag,2
vidro,2
trava,2
soalegria,2
partir,2
numbercake,2
cakelover,2
chocolovers,2
precos,2
roubo,2
chocolates,2
naovaleapena,2
correr,2
saifora,2
inteiro,2
estadio,2
cptm,2
leitura,2
amoler,2
bolodecacau,2
minhacozinha,2
buttercream,2
guilda,2
freefirebrasil,2
garenafreefire,2
teamredbutton,2
prosperidade,2
bride,2
filmedecasamento,2
cinewedding,2
geek,2
noiva,2
dumbo,2
right,2
bones,2
bxrod,2
check,2
she,2
wine,2
winelover,2
winetasting,2
winetime,2
winestagram,2
winelovers,2
winery,2
instawine,2
vino,2
winelife,2
wines,2
wineoclock,2
wineporn,2
redwine,2
skyline,2
sky,2
skylines,2
catholic,2
biblioteca,2
carna,2
ssa,2
salvador,2
vaicorinthians,2
maloqueiro,2
bandodeloucos,2
jogaipornos,2
cachorrinho,2
miau,2
ave,2
maria,2
cheia,2
convosco,2
bendita,2
sois,2
fruto,2
alcool,2
bluehair,2
swagger,2
adidas,2
jacket,2
vans,2
pants,2
shirt,2
handsome,2
cool,2
swagg,2
girassol,2
boys,2
ccbbsp,2
equilibrioinstavel,2
modernart,2
sedutor,2
circo,2
patatipatata,2
bellaciao,2
babybella,2
bella,2
bebebaraba,2
renanbarabanov,2
netinho,2
moises,2
pero,2
sabbath,2
streetart,2
hdd,2
corrompido,2
resolver,2
backup,2
recuperaçao,2
pos,2
lordoftherings,2
lotr,2
thehobbit,2
ohobbit,2
funkopop,2
popfunko,2
toys,2
doll,2
superfunko,2
funko,2
gollum,2
patio,2
sentido,2
cslewis,2
tkgod,2
pequeno,2
paodequeijo,2
despede,2
daniela,2
ritmo,2
batatas,2
churrasqueira,2
grill,2
racionais,2
edirock,2
manobrown,2
rhythmandpurpose,2
folk,2
folkmusic,2
ireland,2
sambadamaria,2
sambanaalma,2
musicaminhavida,2
giovana,2
caro,2
flowers,2
curitiba,2
turisteiro,2
soccer,2
planetsoccer,2
soccerplayer,2
england,2
clubederegatasvascodagama,2
museu,2
saopaulowalking,2
saopauloemfoco,2
higienopolis,2
goodmorningworld,2
euamocroche,2
carnavaldapreta,2
meusantoepop,2
loveontop,2
beblessed,2
novodia,2
novotempo,2
newbeginings,2
newthings,2
somuchlove,2
pelaa,2
prove,2
opequenoprincipe,2
feioomusicaldopatinho,2
asguerreirasdoamor,2
divorcio,2
divorcioapeça,2
folha,2
chegando,2
atraves,2
mostrou,2
rick,2
shitzu,2
shihtzu,2
gaylove,2
gayeurope,2
gayitaly,2
not,2
falta,2
humordodia,2
standupcomedy,2
risadas,2
casal,2
fresca,2
defumada,2
poucos,2
boasemana,2
comdeus,2
moradores,2
fique,2
ligado,2
mdpf,2
parisofthewest,2
radiokiller,2
graças,2
restauracao,2
vichy,2
more,2
comemoraçoes,2
guitarplayers,2
vocalista,2
rockband,2
stage,2
estralar,2
ganhando,2
cicerocosthaeusou,2
cibsunday,2
gameboy,2
gba,2
gamecube,2
wii,2
dsds,2
wiiu,2
ulzzangstyle,2
brazzang,2
koreanstyle,2
pinkfeed,2
kawaii,2
kawaiigirl,2
aegyo,2
aestheticpastel,2
hellokitty,2
puppiesofinstagram,2
puppies,2
djokovicwife,2
djokoelolla,2
lolla,2
toy,2
djokothedog,2
djoko,2
olhaessedog,2
portraitseries,2
vemprojalapao,2
modapraia,2
humanalysis,2
rockprog,2
altrock,2
rockbr,2
rocksp,2
amorpelafotografia,2
newera,2
vidaquesegue,2
pazinterior,2
parceria,2
nikefamily,2
coelho,2
videocoice,2
preestreia,2
lancamento,2
suspence,2
gayguy,2
gayhot,2
marcosacessorios,2
nossojeito,2
wutangclan,2
wutanglatino,2
alegrias,2
cuidar,2
pare,2
surf,2
spirit,2
passion,2
siamese,2
siamesecat,2
leothecat,2
gatosdoinstagram,2
gatito,2
instacats,2
siames,2
gatosiames,2
maryjblige,2
icon,2
throwbacks,2
thelondonsessions,2
londontown,2
esquerda,2
dogs,2
cahorrinhos,2
caes,2
canine,2
comand,2
stay,2
frango,2
laercioluzfotografia,2
agendamentos,2
skinartmag,2
pretoebrancotattoo,2
pretoebranco,2
cookieriaoficial,2
cookieriabymargaret,2
biscoitosdecorados,2
decoratedcookies,2
cairemtentacao,2
naodesistir,2
desapego,2
seguiremfrente,2
eou,2
caldeirao,2
mercadomistico,2
bruxaria,2
witch,2
tarot,2
tarotcards,2
incienso,2
chaves,2
coffeebreak,2
li,2
chamado,2
coach,2
direction,2
alvo,2
cross,2
mao,2
sportgardenspinheiros,2
barcaoveio,2
adidaspinheiros,2
avteodorosampaio,2
ruajoaomoura,2
abençoado,2
layalakl,2
missminasgerais,2
venceu,2
transformandovidas,2
eventosdesucesso,2
andreabreupma,2
legritandohxcx,2
trabalhonovo,2
vidadepublicitaria,2
vidanova,2
aviao,2
voegol,2
publicidadeepropaganda,2
publicitaria,2
heartshapeglasses,2
professores,2
pediatriabemhumorada,2
pediatria,2
crianca,2
rapadura,2
freestyle,2
sob,2
democrartjardimeuropa,2
democrartvilamadalena,2
democrart,2
companhiadareforma,2
imobiliarias,2
pintura,2
alphaville,2
pompeia,2
reformacompleta,2
gesso,2
porcelanato,2
vossa,2
capacidade,2
igsaver,2
boston,2
bostonceltics,2
goceltics,2
nba,2
basketball,2
educaçaofisica,2
pilates,2
fisioterapiadomiciliar,2
deseja,2
fofo,2
dianublado,2
calor,2
mariellepresente,2
moavive,2
influencer,2
fisioterapeuta,2
tentbeach,2
quemomento,2
sovem,2
vibepositiva,2
segueoplano,2
ailtonrosa,2
granizo,2
chuvadegranizo,2
vinylcollection,2
vinyljunkie,2
vinyladdict,2
vinylcollector,2
vinylcommunity,2
instavinyl,2
nowspinning,2
vinylporn,2
recordcollection,2
vinylrecords,2
vinylcollectionpost,2
mcs,2
miga,2
instamood,2
years,2
many,2
singing,2
realizaçao,2
meudesenho,2
desenhou,2
desenhosimples,2
desenhosmeus,2
desenhando,2
rabiscos,2
desenhoserabiscos,2
rabiscosmeus,2
arteciabrasil,2
desenharte,2
astral,2
magico,2
disneysprings,2
amores,2
tanta,2
venho,2
metrotravelusa,2
goodevening,2
numero,2
carnavais,2
spitz,2
pom,2
pompom,2
pomeranian,2
regrann,2
desafios,2
amigalinda,2
baby,2
localizaçao,2
complete,2
wecandoit,2
letsgo,2
dreamit,2
xiaomiselfie,2
instagym,2
likesforlike,2
musculaçao,2
trackandfield,2
semmimimi,2
tokaidobrasil,2
festadacarne,2
apaixonada,2
mybaby,2
cavalier,2
babydog,2
encontrei,2
throwback,2
tamojunto,2
negada,2
carnavalizando,2
melaninaromundo,2
jovenscristaos,2
jovenspregadores,2
likeforlike,2
church,2
supermariobros,2
aterraeplana,2
terraplanistas,2
ciencia,2
letsplaytwo,2
wrigleyfield,2
chicagocubs,2
dvd,2
dvdcollector,2
dvdcollection,2
eusoufeliz,2
workhard,2
nicework,2
strongboy,2
fuckyou,2
babyshark,2
pet,2
stonetemplepilots,2
grungebrasildemaio,2
juntos,2
babygirl,2
bailarina,2
carnakids,2
bomdiacrescer,2
tam,2
camisas,2
deadpoolcrush,2
amovolei,2
mergulhadaemvolei,2
maiaraemaraisa,2
maiaraemaraisadaily,2
maiaradodaily,2
workshow,2
workshownordeste,2
mensagemdanoite,2
registro,2
bandagricerina,2
sepulbarba,2
periferia,2
streetphotobrasil,2
streetphoto,2
urbanphotography,2
capturestreets,2
streetislife,2
lifeisstreet,2
archsp,2
vivaruasp,2
nomakeup,2
naturallook,2
naturalbeauty,2
beyou,2
beyourself,2
virtual,2
acredito,2
naestrada,2
novidade,2
wee,2
gee,2
rain,2
pq,2
movie,2
greatactors,2
actingaudition,2
atoresbrasileiro,2
atornegro,2
goahead,2
shortfilm,2
curtametragem,2
cinemark,2
lafilm,2
theatre,2
lanut,2
chocolate,2
lyrics,2
photograf,2
altmodel,2
tattoed,2
tattooink,2
tattoostyle,2
safadao,2
naoatendenao,2
forro,2
forronejo,2
tamanduatei,2
amorzinho,2
consciencia,2
humana,2
conscienciahumanaonline,2
its,2
were,2
marcas,2
fase,2
fermentacaonatural,2
paorustico,2
paoartesanal,2
vilabuarque,2
agendadeshows,2
despertar,2
newmindset,2
mini,2
obra,2
nascimento,2
dnababy,2
nascimentodebebe,2
novonascimento,2
baterista,2
percussionista,2
convide,2
dupla,2
heroi,2
kakashianbu,2
kakashihatake,2
lembremos,2
justificaçao,2
revogada,2
abençoados,2
meujesus,2
enkidu,2
fate,2
diante,2
viajar,2
debaixo,2
mccouplelifestyle,2
diversusciatratral,2
bemestar,2
atores,2
goodtimes,2
universitaria,2
chrismelo,2
literatura,2
livroterapia,2
biblia,2
oss,2
passe,2
sabia,2
dentro,2
mentoria,2
gratuita,2
pazes,2
inteira,2
voltando,2
apresentar,2
pacote,2
minimo,2
reais,2
produto,2
mensalidades,2
start,2
rende,2
xr,2
parrileiro,2
assador,2
asado,2
churrasqueiro,2
carniceria,2
butcher,2
butchery,2
meetfire,2
meatlover,2
meat,2
dura,2
deu,2
espirito,2
ilumine,2
rugbyrankings,2
rugby,2
rugbi,2
esporte,2
esportes,2
sport,2
sports,2
comentarios,2
nvidia,2
nvidiageforce,2
geforcegtx,2
console,2
amomeutrabalho,2
filhoamado,2
paisefilhos,2
paiefilho,2
meufilho,2
papaicoruja,2
papaibabao,2
papaiama,2
osuperpai,2
osuperpaiheroi,2
bear,2
ladytron,2
tapete,2
comprimento,2
cm,2
diormakeup,2
muaythai,2
thai,2
boxetailandes,2
porrada,2
fight,2
fredcouto,2
thaifighters,2
muaythaitoday,2
power,2
rhema,2
emoçao,2
pedindo,2
fotografiaderua,2
festapopular,2
cordaocecilia,2
selecione,2
consultora,2
jurema,2
cyrillo,2
lojaocantinhodajuju,2
plussizemodel,2
bodypositive,2
plussizebrasil,2
lado,2
people,2
djleonamarco,2
diva,2
fechandoogol,2
coxtumatreinar,2
ousado,2
keeper,2
tmj,2
positividade,2
pensepositivo,2
objetivos,2
empreendedor,2
marketingdigital,2
marketing,2
cortinaemvoil,2
cortinasistemawave,2
cortinadeilhos,2
cortinasparaquarto,2
cortinasparasala,2
designinterior,2
namorada,2
memesbrasil,2
fabercastellbrasil,2
polychromos,2
polychromospencils,2
coloredpencil,2
uff,2
daqueles,2
reexistencia,2
rapsp,2
rapzl,2
mc,2
rapbr,2
poesia,2
rnbmusic,2
pedra,2
marvelcomics,2
fugir,2
realidade,2
mandela,2
formuladoadestramento,2
melhoramigo,2
assessoria,2
lovedogs,2
dogslife,2
ruivao,2
comercial,2
bastidores,2
escolha,2
asusbrasil,2
asus,2
zenfone,2
plano,2
frente,2
cachos,2
mulheresagredidas,2
denunciem,2
artecontemporanea,2
arteconceitual,2
artefigurativa,2
figurativeart,2
biologia,2
repertorio,2
atualizado,2
jovensccb,2
blogueirasbrasil,2
influencermarketing,2
store,2
experiencia,2
orem,2
observaçao,2
irishfolkmusic,2
irishtraditionalmusic,2
uilleannpiper,2
abençoada,2
ouro,2
nikerunning,2
garmin,2
herbalife,2
estilodevida,2
running,2
corridaderua,2
emagrecimento,2
babona,2
titia,2
titiacoruja,2
começou,2
doente,2
passenger,2
passengerinbrazil,2
passengermusic,2
boardgames,2
bgg,2
tabletopgames,2
tabletop,2
juegosdemesa,2
ethnosboardgame,2
ethnos,2
conclaveeditora,2
axe,2
amanheceu,2
instafeeds,2
mudanças,2
recomeços,2
borabora,2
single,2
teaser,2
ruanrodriguez,2
rr,2
deusescolheu,2
god,2
forever,2
novidades,2
straighttalkwithnolan,2
paradigmshift,2
dimensoes,2
moldura,2
mask,2
mascaradeveneza,2
veneza,2
venice,2
italia,2
italy,2
inkedboy,2
representando,2
assinada,2
renomado,2
polones,2
franz,2
stiasny,2
datada,2
frontend,2
photojournalism,2
tumblr,2
preto,2
masculino,2
espelho,2
instafrases,2
instatop,2
hollywoodactor,2
atoresnegro,2
vivaaaaa,2
lol,2
caster,2
docil,2
continua,2
bispomacedo,2
disposiçao,2
reflexion,2
reflection,2
photograper,2
fotografa,2
photographic,2
siete,2
pronto,2
republica,2
salonline,2
meumenino,2
survival,2
survivor,2
zombie,2
androidgames,2
streamcraft,2
youtubersbrasil,2
gloriosarothschildiana,2
aventura,2
propositos,2
mujerconproposito,2
adoraçao,2
mulheresqueadoram,2
boanoiteig,2
boanoitee,2
goodnightig,2
goodnightworld,2
nikesb,2
nikefactory,2
nikebox,2
che,2
color,2
capture,2
camera,2
promiscuidade,2
sededeviver,2
morfeus,2
beatles,2
watch,2
harleydavidsondobrasil,2
goprobr,2
gopro,2
hellmans,2
cocacola,2
pensar,2
rockpower,2
rocklive,2
pestinha,2
zn,2
mensagemdodia,2
av,2
palestraitalia,2
palmeirasboxe,2
clica,2
escritor,2
imortal,2
zabuza,2
bolacha,2
dob,2
babylonarmy,2
pedido,2
tai,2
fredpool,2
nakmuaypool,2
fighterpool,2
mercenario,2
merc,2
xmen,2
xango,2
donodomeucaminho,2
conheça,2
unick,2
forex,2
interesse,2
digita,2
cadastro,2
miranda,2
mito,2
vascaino,2
vascodagama,2
acimadetudo,2
guerreiro,2
fjv,2
ahri,2
leagueoflegendscosplay,2
concreto,2
piso,2
tarde,2
rocha,2
br,2
transcriaçao,2
comemoraçao,2
algodao,2
rede,2
roma,2
vscocze,2
vscocambrasil,2
vscoart,2
pizzaevinho,2
vinhotinto,2
integrantes,2
estudo,2
month,2
marcia,2
spezia,2
golden,2
veganlife,2
veganfood,2
veganismo,2
bookstagram,2
shotoniphone,2
vivendolavida,2
natapaulistana,2
google,2
fashionista,2
outfit,2
mensfashion,2
menstagram,2
fashionaddict,2
mensweardaily,2
fashiondiaries,2
deate,2
habilidades,2
presença,2
chuvadeverao,2
lojaonline,2
lojavirtual,2
roupasimportadas,2
importados,2
compra,2
compraonline,2
vestidos,2
vila,2
hairdo,2
tranças,2
rabodecavalo,2
cabelocurto,2
franja,2
redhair,2
haircut,2
tatuagemsp,2
inkedgirls,2
vagner,2
ritmoepoesia,2
poetamarcioricardo,2
babas,2
manaus,2
memesengraçados,2
enzooliveiraof,2
palmas,2
mylov,2
myjob,2
heinekenbr,2
aunicacoisaverdeqeuamo,2
timeheineken,2
timelema,2
pracima,2
vamostime,2
comoebomsercriança,2
anhangabau,2
guardanapo,2
encomende,2
internet,2
equipamentos,2
ingresso,2
garanta,2
worldwideweb,2
marilyn,2
monroe,2
certa,2
tattooartist,2
tattooed,2
tattooart,2
tattooing,2
tattooist,2
tattoolife,2
bearded,2
beards,2
beardgang,2
hammerofgods,2
sapatossociais,2
eventoscorporativos,2
evento,2
fantasias,2
culture,2
pedalarevida,2
saidenart,2
conexoes,2
connections,2
pinturacontemporanea,2
ocorretorcorredor,2
somosliquido,2
mulheresliquido,2
blogueira,2
aulas,2
cantopopular,2
aulasdecanto,2
clutcher,2
sunsetparty,2
djtamenpi,2
sopedradamusical,2
pensando,2
necessidades,2
melancia,2
goodafternoon,2
polaroidmmmmphotography,2
pretinhaink,2
ryu,2
streetfighter,2
desenvolver,2
aquelasp,2
portalresenhando,2
passeio,2
hitmaker,2
endlessgallery,2
fujiportraits,2
portraitsperfection,2
shotzports,2
humanscreative,2
makingportraits,2
makeportraits,2
real,2
quiser,2
urbanwallsbrazil,2
urbanwallsworld,2
mural,2
inspiradoras,2
paodiario,2
dinheiro,2
theater,2
scene,2
eventos,2
campus,2
instago,2
travelblogger,2
rainbow,2
ilovetravel,2
playlist,2
fazem,2
selfpublished,2
musicainstrumental,2
musicainstrumentalbrasileiro,2
vitrolaprodutora,2
piano,2
pianobrasileiro,2
brazilianmusic,2
danca,2
dançadesalao,2
homemquedanca,2
otemponaopara,2
enchente,2
musicvideo,2
musician,2
musicislife,2
musiclover,2
musicallyapp,2
musicians,2
musiclife,2
instamusic,2
heavymetalmusic,2
kooiti,2
combo,2
elo,2
carnavalizese,2
precedente,2
europa,2
paisagem,2
chernobyl,2
misterale,2
paratriathlon,2
artaleadvocacia,2
sustentacaooral,2
olha,2
garantia,2
adpmfalcaoazul,2
sensei,2
allhailthequeen,2
otempopassou,2
southamerica,2
tattooja,2
tecnicas,2
tecnicascyber,2
financialdomination,2
phrases,2
phraseoftheday,2
citaçao,2
quotes,2
quotesoftheday,2
deathnote,2
clipe,2
fotocriativa,2
amordaminhavida,2
maquiagemprofissional,2
rubyrose,2
nyx,2
mac,2
arrumando,2
indo,2
pediatra,2
tendencia,2
cuida,2
djfernandogoncalves,2
djlife,2
gaydaddy,2
gaymale,2
gaymen,2
dando,2
finoallafine,2
forzajuventus,2
ligadoscampeoes,2
instajuve,2
juvevsatletico,2
juventusbrasil,2
iocicredo,2
induzmusic,2
musicabrasileiro,2
rapmusic,2
semmedo,2
meuirmaodarua,2
negodonnatello,2
everybody,2
chmemoria,2
gm,2
generalmotors,2
chevrolet,2
doujour,2
lookdamarta,2
pregnancy,2
langerievermelha,2
vaisersempreessesorriso,2
chef,2
ribeye,2
illustration,2
have,2
querida,2
moveis,2
moveisplanejados,2
banquetas,2
decoracao,2
decoraçao,2
habitarei,2
tabernaculo,2
abrigarmeei,2
esconderijo,2
responsabilidade,2
mydog,2
risadinha,2
bon,2
homemdepreto,2
suavidaseulegado,2
sertanejos,2
poesiaacustica,2
poemas,2
autoestima,2
achadosmixmimi,2
kisame,2
akatsuke,2
acabamento,2
glynis,2
thesmashingpumpkins,2
billycorgan,2
jamesiha,2
indierock,2
camisetaconduta,2
estilomasculino,2
international,2
flavors,2
fragrances,2
bread,2
homemade,2
foodlover,2
foodpassion,2
padoca,2
hack,2
geopolitica,2
uniaoeuropeia,2
euro,2
atitude,2
emponderamento,2
poscarnaval,1
aliceramosoficial,1
periodo,1
okinawa,1
vinda,1
lavar,1
esqueça,1
esquece,1
resistir,1
blocodadiversidade,1
largo,1
arouche,1
cristo,1
renovadamente,1
pa,1
terapeutica,1
aplausos,1
profissao,1
desvalorizada,1
seguimos,1
firmes,1
adiante,1
tentando,1
roubada,1
mosteiro,1
bento,1
sogo,1
plaza,1
fred,1
cabelin,1
cuia,1
faap,1
gayfollow,1
claudialeitte,1
blocolargadinhosp,1
faço,1
ji,1
protocolos,1
consciente,1
comer,1
macarrao,1
amorpelobalon,1
vaiserfacil,1
timedavirada,1
coma,1
agradar,1
outrocada,1
louca,1
anose,1
gabrielfontenelleoficial,1
estiagem,1
seco,1
cl,1
licença,1
camarote,1
condensado,1
distrai,1
mores,1
dragas,1
minerva,1
parque,1
campeao,1
vice,1
encontram,1
novamente,1
reflexo,1
emana,1
encara,1
reflete,1
devolve,1
reclamam,1
somente,1
vendida,1
weddings,1
graduations,1
models,1
parades,1
festivalsparties,1
recado,1
tornar,1
eumereço,1
little,1
bit,1
luck,1
patience,1
objetivo,1
superaçao,1
traquitana,1
sessions,1
orgulhosamente,1
apresenta,1
faltem,1
buda,1
pernil,1
parmesao,1
shotwhithalide,1
darkroomapp,1
moro,1
visitado,1
espetacular,1
entrada,1
flame,1
liviaaraujodecarvalho,1
ore,1
conosco,1
bijoias,1
paulistano,1
sampalovers,1
grata,1
voltar,1
ouvidos,1
clamor,1
capones,1
varias,1
participaçoes,1
amordetia,1
sinto,1
confortavel,1
prioridades,1
geralmente,1
aprecie,1
panicoatd,1
bomretiro,1
koreanfood,1
topoki,1
ligiaeder,1
part,1
vinao,1
alobrasil,1
ouça,1
favorito,1
radiobrasilatual,1
rosymellolocutora,1
ravioli,1
trufas,1
brancas,1
presunto,1
serrano,1
melao,1
ilovemyjob,1
entrepratosecopos,1
aniversarios,1
tumura,1
valve,1
demitiu,1
funcionarios,1
incluindo,1
supostamente,1
divisoes,1
hardware,1
vr,1
alega,1
tristeza,1
angustia,1
magoa,1
decepçao,1
amargura,1
solidao,1
precipitaçao,1
raiva,1
visto,1
combinandinho,1
cai,1
rosto,1
naturalmente,1
bagunçadamente,1
bonito,1
credito,1
john,1
silva,1
ajudado,1
coordenaçao,1
diretores,1
uesp,1
had,1
taste,1
another,1
thrill,1
wall,1
test,1
hard,1
ignore,1
feel,1
heat,1
lembrando,1
compras,1
barbaraveigaphotography,1
cloudmusiq,1
segueojogo,1
apocalipseurbanooficial,1
santafilomena,1
zona,1
cerealista,1
constancesaoluis,1
imensamente,1
estarem,1
formei,1
fecap,1
esqueci,1
cardeais,1
levam,1
intensidade,1
maxima,1
avos,1
exemplos,1
webserie,1
rio_de_janeiro,1
pes,1
peder,1
toa,1
almuerzo,1
calorias,1
bunuelos,1
mixtas,1
risotto,1
pato,1
ensalada,1
digam,1
lamis,1
inventoryday,1
alessandro,1
campos,1
gravando,1
parceiro,1
wife,1
having,1
recognised,1
old,1
shreck,1
but,1
loveher,1
herday,1
flowerstoawoman,1
français,1
tomou,1
beba,1
trackers,1
nossaigrejaoficial,1
jam,1
anuncieaqui,1
ridicularizada,1
violentamente,1
combaroda,1
aceita,1
obvia,1
enxaqueca,1
intervençao,1
artistica,1
fenavida,1
tricks,1
shovet,1
spin,1
fakie,1
flip,1
weekend,1
legalizeja,1
assistam,1
odyssey,1
cant,1
holding,1
cruz,1
evangelho,1
primeiroaniversario,1
estudio,1
inves,1
starwars,1
mosteirodesaobento,1
fios,1
soltos,1
enrolarse,1
embaraçar,1
shorts,1
levisbrasil,1
botinha,1
solsorvete,1
escrevendo,1
aguarda,1
aquario,1
streetvision,1
rola,1
brilhante,1
pressa,1
sexta,1
ajudaram,1
melhorzinha,1
diverti,1
flawless,1
dragqueenmakeup,1
biritismoproduçoes,1
biritismo,1
damasco,1
hairstylist,1
carnasp,1
iphoneshot,1
escutou,1
igual,1
ouvi,1
soasdivas,1
trofeu,1
entra,1
sabor,1
campanha,1
conquistamos,1
rezem,1
oraçao,1
combate,1
intenso,1
cantinho,1
descansar,1
recebida,1
amosermulher,1
jack,1
sparrow,1
starlightfantasias,1
primeiraplantinha,1
asfissuradas,1
prevenda,1
louvores,1
existencia,1
buscai,1
feiranovodenovo,1
benedito,1
calixto,1
ziper,1
marrom,1
estilosamarcosacessorios,1
autran,1
hrs,1
rica,1
pantera,1
amapa,1
patriciabastos,1
lançando,1
lp,1
zulusa,1
meias,1
renner,1
saia,1
rongishop,1
baseada,1
titulo,1
televisiva,1
inclui,1
farentino,1
dana,1
carvey,1
parcerias,1
matsemhq,1
robineyaraujo,1
gannatureza,1
trugoosp,1
sponeway,1
doispaulistanos,1
treinamento,1
virar,1
craque,1
coreografia,1
breathofthewild,1
marque,1
direct,1
demolir,1
seguro,1
barco,1
tictacfestival,1
hits,1
vira,1
bundinha,1
crias,1
socar,1
xereca,1
maloka,1
vera,1
friday,1
tallith,1
israel,1
dizelhes,1
bordas,1
vestes,1
façam,1
vip,1
adriano,1
luiz,1
william,1
lenitta,1
viana,1
intervalos,1
delamas,1
volume,1
encaixe,1
atrasados,1
personas,1
va,1
gustar,1
gusto,1
muchisimo,1
dentre,1
cassiabranches,1
destacamse,1
espetaculos,1
abertura,1
paralim,1
rio,1
transformador,1
entrar,1
envolvidos,1
vucadao,1
animation,1
auroracluboficial,1
desayuno,1
pan,1
frances,1
integral,1
queso,1
cottage,1
y,1
pate,1
atun,1
pote,1
cubos,1
anana,1
vaso,1
kefir,1
taza,1
tambores,1
ecoar,1
batuque,1
traz,1
terreiro,1
mancha,1
kizomba,1
princesa,1
valorizado,1
ensino,1
danças,1
salao,1
praticos,1
garras,1
pintadas,1
camara,1
audiçao,1
manicure,1
delivery,1
tb,1
vende,1
bolsas,1
eliana,1
maltez,1
acompanhar,1
estilhaços,1
inocentes,1
sonhe,1
corra,1
fuel,1
thatiana,1
which,1
disire,1
shehulk,1
fissuralabiopalatina,1
dentista,1
adidasbrasil,1
amodadamira,1
tarefa,1
dificilima,1
obedecer,1
guardar,1
mandamentos,1
queens,1
dennisquaid,1
yoursmineandours,1
nilagra,1
teamweslleydnasc,1
atletas,1
relacionados,1
igor,1
vinicius,1
erros,1
ma,1
formaçoes,1
repreendas,1
escarnecedor,1
odeie,1
repreende,1
amara,1
instruçao,1
salvaçao,1
igrejalugardossalvos,1
vagabundo,1
silencio,1
grupos,1
quartas,1
vindas,1
caminhada,1
cultiva,1
acolhe,1
esconde,1
dor,1
harmonia,1
ranzinza,1
despreza,1
segundos,1
dao,1
entende,1
mananitas,1
ti,1
cumpleanos,1
asi,1
maite,1
mira,1
amanecio,1
superar,1
questoes,1
esteroides,1
androgenicos,1
noites,1
deixou,1
buenosdias,1
alterado,1
esfinha,1
pastel,1
cidades,1
maciaatrindade,1
yescom,1
distraindo,1
braziliangirl,1
coloca,1
coloque,1
marcio,1
ricardo,1
turn,1
around,1
diferentonabr,1
openbarterraçoclub,1
vamosdarpthoje,1
terraço,1
terraçoclub,1
demarco,1
womansday,1
paaaah,1
taaaquele,1
meufuturoprometido,1
kkkkkk,1
obs,1
humorado,1
pinscher,1
taubate,1
bazuca,1
invocar,1
integra,1
igvt,1
tranformaçao,1
alias,1
misterio,1
leva,1
ferrero,1
bpmarcelomoraes,1
libertaçao,1
frasesdiarias,1
chat,1
escrevi,1
justificativas,1
referentes,1
notas,1
desfile,1
escolas,1
grcses,1
vaivai,1
representado,1
marconi,1
filha,1
lembro,1
pessoalmente,1
ama,1
emocionante,1
marianaaydar,1
cultural,1
olido,1
segue,1
oz,1
livre,1
porquevestir,1
poetamulherguerreira,1
meninas,1
garotas,1
cis,1
trans,1
ateias,1
bruxas,1
cristas,1
pensem,1
gostoso,1
inspiracao,1
bolodeleiteninho,1
bolotrufado,1
aproveitem,1
tido,1
machismo,1
arrogancia,1
serem,1
silenciadas,1
terem,1
abusadas,1
puxado,1
role,1
galeriadorockoficial,1
senti,1
viagem,1
brotherhood,1
ojo,1
ibi,1
omo,1
iya,1
osun,1
ensinamentos,1
pequenas,1
deixo,1
atençao,1
forçamarco,1
hummmmmm,1
desequilibrados,1
trabalham,1
aeroporto,1
promover,1
algazarra,1
gritando,1
evidenciam,1
ofereça,1
ester,1
dificeis,1
decisoes,1
debora,1
busque,1
estrategias,1
ressignificando,1
cumprindo,1
item,1
escrito,1
water,1
insonia,1
fobias,1
traumas,1
obesidade,1
acompanharem,1
fazerem,1
evoluçao,1
constante,1
dividir,1
esportiva,1
lutas,1
glorias,1
parceirona,1
metrosanta,1
cecilialargo,1
yes,1
virginia,1
dinner,1
bifun,1
rice,1
pasta,1
palm,1
gatos,1
catsofinstagram,1
gatti,1
judas,1
tadeu,1
dirigido,1
roteiro,1
embreve,1
linamendes,1
girlpower,1
santistas,1
marcados,1
derlis,1
gonzalez,1
manowalter,1
paratodasasmulheres,1
infinitas,1
odio,1
kpapo,1
acompanhando,1
ovo,1
nata,1
xylitol,1
colher,1
sopa,1
manteiga,1
xicaras,1
farinha,1
amendoa,1
substituir,1
atualizando,1
ruins,1
alok,1
basico,1
entendimento,1
discernimento,1
açao,1
situaçoes,1
risco,1
desenvolvido,1
mestre,1
renata,1
balestrini,1
hoshwear,1
brisa,1
ventania,1
metade,1
mentira,1
abençoando,1
tantos,1
cansei,1
libriano,1
troca,1
adorei,1
gostoo,1
jornadadaautoconfiança,1
iariovaldoribeiro,1
dudeeamafia,1
abandone,1
desespere,1
blocopipocadarainha,1
prox,1
augusto,1
cury,1
marta,1
coronado,1
preparo,1
renascer,1
hall,1
firma,1
chegar,1
pesado,1
ads,1
hummmmmmmmmm,1
guloseimas,1
lanche,1
sessao,1
nadar,1
dory,1
contagem,1
regressiva,1
rsrs,1
babyboy,1
agenda,1
todeferias,1
muitocaro,1
janeiro,1
drisaade,1
personal,1
organizer,1
patriciapinoorganizer,1
acumuladores,1
inventou,1
invejoso,1
confundir,1
religiao,1
casamento,1
machado,1
sentimos,1
amamos,1
oramos,1
abraçamos,1
ouvimos,1
confortamos,1
corremos,1
resolvi,1
muvuca,1
rafarosaa,1
fabiosiman,1
captaçao,1
reginaldopaulino,1
finalizaçao,1
roupinha,1
caixinha,1
asinha,1
homo,1
ritalobo,1
freefire,1
redbutton,1
weddingday,1
capitamarvel,1
mulheressuperpoderosas,1
debutante,1
madrinha,1
formanda,1
escolher,1
vestido,1
elefantevoa,1
auditorio,1
ruy,1
barbosa,1
got,1
jones,1
through,1
aspiring,1
young,1
talent,1
bay,1
area,1
vallejo,1
exact,1
name,1
emily,1
moniker,1
definitely,1
soundcloud,1
happysunday,1
jose,1
gaspar,1
haddad,1
brincadeira,1
preferida,1
casinha,1
posiçao,1
empates,1
derrotas,1
saldo,1
transmissao,1
vaipracimadelessantos,1
agradagregos,1
pipoco,1
trovao,1
gatinhos,1
gatinhosfofos,1
bendito,1
vosso,1
desfrute,1
man,1
paulklee,1
unstablebalance,1
ccbb,1
gosta,1
autoras,1
selvagemirresistivel,1
mia,1
patati,1
patata,1
ataque,1
killa,1
deleyifc,1
fodaaaaa,1
vindo,1
principe,1
ppkao,1
bixiga,1
pras,1
sapequinha,1
provocar,1
despues,1
viaje,1
mandamos,1
preguntan,1
valio,1
whom,1
obedience,1
relationship,1
reverence,1
sacredness,1
hour,1
his,1
cities,1
comprar,1
arrumarlas,1
ah,1
artesanato,1
confere,1
quintana,1
after,1
decepciona,1
ficarem,1
pista,1
hs,1
set,1
hugohenriquevaz,1
mauricisalles,1
thaiize,1
mechas,1
ombre,1
leticiamatooss,1
cun,1
expetacular,1
processo,1
tratamento,1
existem,1
resenhanders,1
smeagol,1
myprecious,1
param,1
figarooooo,1
camisinhanafolia,1
agentes,1
distribuiram,1
preservativos,1
gratuitos,1
folioes,1
prevençao,1
calma,1
respira,1
pensou,1
frase,1
ferveu,1
torcida,1
rapeize,1
tmjnessa,1
iii,1
portuguesas,1
farofa,1
helipa,1
lgbts,1
bosonarovergonhanacional,1
rhythm,1
purpose,1
glenhansard,1
instafolk,1
senta,1
contar,1
umas,1
coisinhas,1
equipamento,1
manutençao,1
periodica,1
mesmos,1
museum,1
futebol,1
eh,1
escolhas,1
muitoboatarde,1
amaraoproximosempre,1
meucliqueestadao,1
escalado,1
blocosderua,1
cantacomigo,1
classico,1
enfrenta,1
rodada,1
dmacaron,1
canele,1
doce,1
macarons,1
pedacinho,1
arena,1
paulistao,1
rumo,1
maratona,1
vitrola,1
cintura,1
mola,1
feijao,1
prato,1
fazemos,1
trocamos,1
pneu,1
precisar,1
ajudou,1
sorriso,1
fixedgear,1
filhote,1
word,1
advice,1
corote,1
beginners,1
bloquinhos,1
santo,1
atormentada,1
eternamente,1
janela,1
sandravsantoss,1
control,1
sorteios,1
flash,1
movimento,1
entrego,1
medos,1
postei,1
futuros,1
possam,1
usar,1
reprise,1
redevida,1
planejamento,1
essencial,1
fornecedores,1
local,1
condiçoes,1
weddingplanner,1
trajes,1
franciellesoares,1
descomplicar,1
vinhos,1
collage,1
track,1
slowjams,1
cmon,1
mmh,1
said,1
liked,1
onrepeat,1
pense,1
vimos,1
gloria,1
curando,1
restaurando,1
transformando,1
curainterior,1
corram,1
fotinhas,1
capinhas,1
pantchoshouse,1
gastronomia,1
house,1
andretrindade,1
thomashoward,1
soon,1
artist,1
westieszoeharus,1
westiemoments,1
reallife,1
masterchef,1
patrocinio,1
cacildisoficial,1
hugo,1
kleber,1
beto,1
yatan,1
daniel,1
honorio,1
gilberto,1
wesley,1
gutinho,1
começando,1
derrotados,1
resenha,1
fs,1
gol,1
deepak,1
chopra,1
seres,1
unicos,1
indispensaveis,1
nascemos,1
essencia,1
potencialidade,1
pura,1
catedral,1
diadoguitarrista,1
lembranças,1
cobri,1
hardcore,1
progresso,1
firme,1
papae,1
mexe,1
hnd,1
switch,1
hummm,1
hey,1
ulzzang,1
sanrio,1
aumiguinhos,1
revista,1
consumidor,1
moderno,1
portraitcharlestrigueiro,1
blackandwhite,1
sangra,1
preserveanatureza,1
celebramos,1
convidadas,1
mengroove,1
rockbrigade,1
boymagia,1
monstra,1
junto,1
taking,1
shape,1
mercado,1
gcamfotosperfeitas,1
catavento,1
domingao,1
chuky,1
susto,1
elbert,1
hubbard,1
anaguedes,1
vindos,1
transformandovi,1
paty,1
formatura,1
pesoduplo,1
wutang,1
risos,1
valvula,1
escape,1
perguntei,1
senao,1
caminha,1
contam,1
separe,1
beijosseliguem,1
participe,1
assistir,1
estadios,1
pequenos,1
consegue,1
comportar,1
hope,1
get,1
wave,1
eyes,1
mother,1
one,1
lifes,1
about,1
surfing,1
perfect,1
waves,1
leoogato,1
odiar,1
sofia,1
kate,1
pingo,1
romeu,1
cachorrada,1
linguiça,1
fuja,1
ocasioes,1
pecado,1
impureza,1
vence,1
covardes,1
perdi,1
paro,1
chorei,1
mares,1
rios,1
afogo,1
jeitin,1
bruto,1
carin,1
dona,1
felizdiadosguitarristas,1
quebrada,1
atentos,1
oportunidades,1
calados,1
sorrir,1
alexanderccohen,1
comentario,1
feedback,1
blackandgraytattoo,1
cookieria,1
deixeis,1
mega,1
informativo,1
tecnica,1
preferir,1
facilidade,1
odontology,1
procurando,1
paganism,1
gigantes,1
tv,1
criada,1
irwin,1
allen,1
episodios,1
temporadas,1
tripulaçao,1
consegui,1
advogados,1
declaramos,1
oficialmente,1
encerradas,1
focus,1
americancrew,1
fundamental,1
enlouquecer,1
newhair,1
consultorio,1
medico,1
curativo,1
profundo,1
condominioedificiofelix,1
metroclinicas,1
personaltrainer,1
wolfgangpetersen,1
dustinhoffman,1
morganfreeman,1
robbykeough,1
julia,1
horta,1
concurso,1
missbrasil,1
deevento,1
exposiçoes,1
aprenderfazendo,1
trabalhepelosseussonhos,1
voo,1
solo,1
flexibilidade,1
embasam,1
cientificamente,1
gera,1
discussao,1
oxente,1
apollo,1
crew,1
dragon,1
romantkachenko,1
proalto,1
giovanimorenodsem,1
giovanimorenods,1
pretagilfanpage,1
dengosdapretagil,1
acrylic,1
protegido,1
guardado,1
anjos,1
guardioes,1
orientaçao,1
miguel,1
arcanjo,1
espadas,1
colocadas,1
portas,1
tsadkiel,1
elohin,1
divino,1
fluir,1
eterna,1
regencia,1
vinde,1
kyrie,1
irving,1
ladies,1
gentleman,1
appskottagecom,1
basket,1
gruposaudesenior,1
simulaçao,1
hernia,1
ibht,1
hipnoterapia,1
sessoes,1
iniciar,1
estudos,1
hipnoseclinica,1
pintaram,1
faltar,1
exprima,1
moamestrevive,1
marighellavive,1
baiana,1
system,1
luccasneto,1
amado,1
guiame,1
eterno,1
bomdiaa,1
drshapesuplementos,1
soccerlabs,1
multysaude,1
nacionalacsp,1
piolidigital,1
todevolta,1
yah,1
eusou,1
vodka,1
absinto,1
aconchego,1
oque,1
elesparabens,1
delicious,1
dawn,1
tantas,1
duro,1
recompensado,1
strong,1
heres,1
full,1
laughing,1
loving,1
much,1
antonietta,1
cucina,1
defeito,1
maninha,1
infinitamente,1
escoteiro,1
guarapiranga,1
todxs,1
contribuiram,1
bazar,1
beneficente,1
sansfiltre,1
desenharfazbem,1
aquarela,1
tempos,1
modernos,1
vivemos,1
pregam,1
pressionam,1
aprisionam,1
pinafamilia,1
destino,1
hospedado,1
partiu,1
adivinha,1
pensamentododia,1
jejumcoletivo,1
falo,1
toco,1
banjo,1
pensam,1
pagodeiro,1
praia,1
rotulos,1
coleçao,1
absorventes,1
puder,1
doaçoes,1
irao,1
lamentavel,1
pb,1
administrado,1
politico,1
irresponsaveis,1
desonestos,1
insearchofthebestvibe,1
rudiefoodie,1
renascerarena,1
spfc,1
empresario,1
age,1
estresse,1
chadebebe,1
profissionais,1
espaço,1
ney,1
prado,1
stylist,1
contatos,1
falha,1
miguxos,1
ansioso,1
guilherme,1
sousa,1
desenvolvendo,1
colorido,1
nikecorre,1
bluefit,1
encanto,1
descobrir,1
peculiaridades,1
dica,1
maquiagem,1
pede,1
kids,1
pegadadojacare,1
sentindo,1
mypet,1
retorno,1
nadya,1
blocos,1
carnavaliza,1
vemprarua,1
ponto,1
promete,1
likeforlikes,1
mister,1
ale,1
romariolsantana,1
balança,1
peitos,1
seios,1
balançar,1
estrala,1
lets,1
pearljam,1
goworks,1
simplecreatures,1
doguineo,1
deno,1
acabamos,1
lançar,1
pedrada,1
conferir,1
clicando,1
jeans,1
entrega,1
correios,1
retirar,1
whats,1
clique,1
zardolog,1
mariformiguinha,1
marimenegati,1
driimen,1
doceslembranças,1
maisvoleiporfavor,1
bons,1
narradoras,1
castelo,1
bemvindos,1
flanela,1
conservada,1
podera,1
mensagemespiritual,1
capturamos,1
dure,1
batizo,1
maquina,1
grigri,1
maquinadecortegrigri,1
olharsp,1
atualizar,1
sumida,1
deunsdias,1
collab,1
assinatura,1
sobraram,1
poucas,1
materiais,1
star,1
wars,1
acompanho,1
deveria,1
adquirido,1
participar,1
debate,1
professor,1
cortella,1
meditar,1
roudie,1
muitaaaa,1
prepare,1
aguenta,1
forca,1
tiramos,1
aproveitamos,1
instagran,1
theatreworks,1
preguica,1
hjmeupaiehmeu,1
amaçado,1
rosebattistella,1
elogio,1
frank,1
nathachaninastudio,1
tattibueno,1
lo,1
compartieron,1
cs,1
pedromotafonttes,1
entaovemca,1
agradecemos,1
confiança,1
guss,1
alves,1
founder,1
heartskullink,1
edit,1
trezefotocell,1
atende,1
burgerkingbrasil,1
recebemos,1
novos,1
sensacional,1
diversao,1
garantida,1
jogabilidade,1
vocabulario,1
xofem,1
dinamica,1
gringos,1
matter,1
until,1
found,1
take,1
tears,1
ice,1
swear,1
id,1
burn,1
down,1
positiva,1
mandelao,1
brabo,1
caralhodjkelvin,1
rd,1
mrbimmc,1
magrinha,1
gordinha,1
ceara,1
valido,1
assistant,1
biancamegdabeauty,1
anitapozzo,1
at,1
levian,1
panificadora,1
invadindo,1
registrado,1
opadresertanejodobrasil,1
dianetica,1
ajuda,1
dianeticaterapia,1
saudeemocional,1
americachipoficial,1
funcarsmiami,1
estreia,1
fechar,1
ricardolinharesreal,1
inspirada,1
dirigida,1
dnaaromas,1
bebeslindos,1
gola,1
costura,1
nipomico,1
ultraseven,1
milhares,1
garotos,1
abencoe,1
medite,1
medita,1
izabela,1
acordou,1
angra,1
reis,1
resende,1
carlosdeniggro,1
cabejasrojas,1
lettering,1
clubedolivro,1
sobrar,1
nasceremos,1
versos,1
paralelos,1
king,1
joelho,1
ceus,1
trackampfield,1
series,1
villa,1
lobos,1
permanecer,1
hade,1
cabeça,1
impressao,1
estourada,1
boca,1
decm,1
impressora,1
iphone,1
julio,1
cesar,1
bandeirante,1
abandonada,1
mar,1
sex,1
ingressos,1
venda,1
compre,1
bilheteria,1
seg,1
desperte,1
lider,1
capaz,1
liderança,1
radio,1
sensualounge,1
ncwhitelounge,1
dunlucepub,1
sjc,1
vilaopremiumgoiania,1
goiania,1
mansaobranca,1
franca,1
salzbar,1
ribeirao,1
deixemos,1
intençao,1
aparecessem,1
estatua,1
brasilia,1
jogar,1
pratos,1
desejamos,1
enfrentar,1
posicionamento,1
alinhamento,1
articular,1
curvaturas,1
neutras,1
coluna,1
desista,1
bras,1
semvocenaoda,1
bestever,1
sportsmanagement,1
pagina,1
vote,1
opçoes,1
abertos,1
votaçao,1
sorteada,1
ganha,1
participantes,1
diogo,1
criandosite,1
arrebentou,1
obrigadosenhor,1
bring,1
edition,1
contest,1
vaga,1
lineup,1
participante,1
seguintes,1
confirmar,1
join,1
camp,1
share,1
content,1
please,1
remember,1
tag,1
filholindo,1
paternidade,1
homembarbudo,1
lnagamine,1
publiobernardes,1
completa,1
carreira,1
intitulado,1
sexto,1
hiato,1
jci,1
comcm,1
porcm,1
adrenalina,1
prazo,1
moonday,1
ingles,1
origem,1
moons,1
lua,1
sul,1
lançada,1
borda,1
convite,1
fabricadesonhoeventos,1
pecomperolas,1
klproducoeseanimacoes,1
personagensvivos,1
irmaos,1
domingos,1
aprender,1
lidar,1
acusaçao,1
compartilhada,1
bolsonaro,1
jornal,1
ruas,1
foder,1
atendido,1
prontamente,1
blocodecarnaval,1
mesdoconsumidor,1
olhei,1
metas,1
elevatorselfie,1
mundao,1
chutes,1
desvio,1
obstaculo,1
goleiro,1
goalkeeper,1
turma,1
envie,1
mensagem,1
dose,1
positivoe,1
energias,1
empreendedorismo,1
menciona,1
tus,1
amigosas,1
venis,1
buenos_aires,1
dudas,1
traete,1
chaleco,1
seguridad,1
bbc,1
cortinassobmedida,1
casadecorada,1
niviec,1
fabercastellbr,1
fabercastell,1
kraft,1
consulte,1
disponibilidade,1
reserve,1
data,1
djpaulofidalgocom,1
antony,1
jogador,1
liga,1
procure,1
universal,1
adquirir,1
socorro,1
sofrer,1
deboas,1
encarar,1
fracasse,1
estralando,1
leveevolution,1
gravar,1
lazarus,1
taxon,1
proteja,1
laços,1
nuvem,1
docebandana,1
amora,1
acabooou,1
vdd,1
ces,1
preparados,1
preparadiiiissima,1
ruivacacheada,1
pubgpc,1
dedicacao,1
genial,1
estreiteza,1
visao,1
telespectador,1
maisquegourmet,1
sofra,1
antecipaçao,1
sonora,1
transforma,1
odontologico,1
amil,1
abrangencia,1
consultoria,1
pegue,1
malas,1
permita,1
desistir,1
violenciacontraamulher,1
conceptualart,1
faculdade,1
lovemyself,1
baixe,1
partes,1
favoritas,1
criar,1
cenario,1
celebraramesa,1
aleattelier,1
premio,1
pares,1
mizuno,1
prophecy,1
vapormax,1
plus,1
numeraçao,1
regras,1
maxmillian,1
praticidade,1
gostos,1
facilitar,1
seguinte,1
teatroescolamacunaima,1
acredite,1
engate,1
reconheça,1
conduzira,1
peço,1
nasceu,1
pulmao,1
ariadne,1
brinco,1
ametista,1
ametistas,1
proteçao,1
smartfit,1
drpaulohenriquealves,1
sobrinho,1
alegre,1
divertida,1
fofuxo,1
deteremos,1
imenso,1
emampt,1
apresentaçoes,1
canada,1
composiçoes,1
autorais,1
trata,1
erasmo,1
ficticia,1
jovem,1
condiçao,1
ati,1
cursou,1
tia,1
titiababona,1
luzes,1
acesas,1
escondido,1
escondeu,1
prometido,1
prometeu,1
valer,1
verso,1
logico,1
joicehasselmann,1
investir,1
investira,1
buscar,1
definitivamente,1
mctere,1
dodoi,1
poderasa,1
marcus,1
cabaleiro,1
iioiioiioiioiioii,1
dresstofit,1
temnosale,1
falava,1
sentia,1
discorria,1
cheguei,1
acabei,1
convidada,1
roda,1
pertinho,1
palma,1
cupece,1
aguardamos,1
bonita,1
gelada,1
ka,1
gigante,1
assembleias,1
comandos,1
caminhadas,1
levanto,1
digo,1
digno,1
es,1
mondaymood,1
segundou,1
estrada,1
boardgamegeek,1
areacontrolboardgame,1
rodizio,1
suspenso,1
achar,1
entendermos,1
iguais,1
pinceis,1
possamos,1
culto,1
determinaçao,1
busca,1
promessa,1
filhao,1
conserve,1
inscriçoes,1
mascara,1
beethoven,1
vienna,1
richard,1
wagner,1
deslocada,1
contexto,1
nostalgica,1
fotografo,1
manzel,1
midnight,1
theme,1
damos,1
atua,1
backend,1
banco,1
conhecida,1
agenciabrazilnews,1
fotopretoebranco,1
emilio,1
maravilha,1
gesyanebottene,1
ditas,1
trecho,1
losangelesactor,1
atuaçao,1
caçula,1
março,1
ciclo,1
realizaçoes,1
indycunha,1
caculadafamilia,1
blessedforgod,1
cairostill,1
cblol,1
thedocil,1
afinal,1
clt,1
enche,1
dossie,1
mico,1
central,1
impossivel,1
ouvir,1
osegredooficial,1
energiapositiva,1
everything,1
will,1
alright,1
dancing,1
mocca,1
intensamente,1
llegaba,1
siquiera,1
unas,1
calle,1
gritaron,1
teoria,1
conspiraçao,1
perguntam,1
sede,1
exigir,1
expulsao,1
policiais,1
abusando,1
tirar,1
fagner,1
idolo,1
recente,1
voxlux,1
natalieportman,1
surviving,1
levante,1
bandaenzur,1
busger,1
domingou,1
lifeafter,1
mergulhar,1
recayd,1
ribeiraopires,1
mulheresdefe,1
bahia,1
apresentou,1
nois,1
district,1
factory,1
ora,1
conosci,1
chi,1
cosa,1
vuoi,1
spaghetti,1
vongole,1
italianfood,1
napoli,1
engenheirocozinheiro,1
amorincondicional,1
letsgoloopers,1
abbeyroad,1
shell,1
chew,1
celebrese,1
perfeit,1
exato,1
motorcycle,1
aceitamos,1
encomendas,1
paguei,1
frete,1
belezinhas,1
manu,1
nerdgeek,1
coleciona,1
fico,1
david,1
bowie,1
hollywood,1
julian,1
wasser,1
acabouocarnaval,1
teamdemolidor,1
materia,1
epoca,1
levantou,1
bola,1
indisponivel,1
fiz,1
print,1
manifestei,1
thread,1
preconceito,1
aprendeu,1
subir,1
cadeira,1
sptizalemao,1
conturbada,1
aceitaçao,1
dogville,1
grace,1
pacato,1
vilarejo,1
atual,1
amts,1
morar,1
pedralia,1
onerpm,1
efetuar,1
gratis,1
sabemos,1
importancia,1
limpinha,1
peludos,1
longos,1
potes,1
pemba,1
coral,1
voz,1
traze,1
memoria,1
ordenandolhes,1
contendas,1
aproveitam,1
perversao,1
cadoro,1
residencial,1
kao,1
encontrarao,1
eurico,1
tov,1
stella,1
pla,1
bronze,1
tupi,1
completados,1
salmao,1
grelhado,1
azeite,1
oliva,1
paprica,1
curcuma,1
assadas,1
fryer,1
abacate,1
fatias,1
folhas,1
verdes,1
padrao,1
natural,1
logomarca,1
ignora,1
percebe,1
vscogrind,1
permitido,1
pizzahutbrasil,1
pizza,1
pretendo,1
desenhar,1
codigo,1
escuderiasulbrasil,1
rodrigo,1
pancho,1
favoretto,1
bateria,1
etapa,1
veg,1
mvfcosta,1
carnavral,1
maps,1
localiza,1
smania,1
mariana,1
pixel,1
minhocao,1
dizer,1
rajadafest,1
coletivorajada,1
urbanstyle,1
maio,1
segundasfeiras,1
terçasfeiras,1
duraçao,1
aperta,1
sofrendo,1
alagamentos,1
oremos,1
acham,1
cantando,1
favorita,1
bis,1
respondam,1
bernard,1
wright,1
haboglabotribin,1
very,1
felling,1
honored,1
justamente,1
ilustre,1
filmou,1
espirituais,1
selecionei,1
bacanas,1
promoçao,1
obras,1
tamanhos,1
oloucodaselfie,1
aguasdemarço,1
importadosdoinsta,1
vilabelmiro,1
santosfcoficial,1
rip,1
ator,1
eluizio,1
felix,1
calça,1
andarai,1
bairros,1
ponytail,1
artdomtattoo,1
mestra,1
catolico,1
efigenia,1
olhamos,1
fortalece,1
smash,1
ilovefood,1
formatos,1
olhou,1
marcioricardo,1
tranquilo,1
chegamos,1
assine,1
feed,1
quinzenalmente,1
fresquinho,1
baba,1
heineken,1
ooooooooootimokkkkkkk,1
ragatanga,1
estaçao,1
levo,1
perolas,1
salveeeee,1
siimmm,1
discopedia,1
madlib,1
mf,1
doom,1
representa,1
crescer,1
aol,1
corda,1
cresça,1
fortaleça,1
pazamoreliberdade,1
audio,1
suspende,1
crise,1
setor,1
resultado,1
prejuizos,1
unica,1
amuuuuuuu,1
alemaopneusracing,1
retire,1
amigas,1
mucho,1
terças,1
quartash,1
amigasperonomucho,1
praca,1
ramos,1
happybirthday,1
testando,1
belezinha,1
cardapio,1
corretor,1
preocupar,1
guguxta,1
jaycircus,1
school,1
information,1
transformation,1
welcome,1
antoine,1
saintexupery,1
edybrittoesamuel,1
paaaaara,1
lipo,1
nutrexresearchbr,1
tsek,1
oleo,1
cartamo,1
testei,1
gostei,1
lycra,1
trouxe,1
ledzeppelin,1
classicrock,1
sapatosmasculinos,1
personagemvivo,1
skate,1
hashtag,1
oderydrums,1
turbomusicbr,1
carolinasaidenberg,1
braziliancontemporaryartist,1
detenisegravata,1
tchibum,1
lojasliquido,1
liquidooficial,1
stephanystory,1
blackwoman,1
abertas,1
cursodecanto,1
mulherqueora,1
amocroche,1
djpatife,1
caso,1
realizado,1
dr,1
gregory,1
melo,1
portador,1
crosp,1
paciente,1
anestesiado,1
preenchimentofacial,1
conceda,1
diferente,1
novas,1
ideias,1
buscando,1
adequem,1
baixar,1
ebook,1
comestiveis,1
convencionais,1
pancs,1
curitibano,1
quietinho,1
inadequado,1
adequar,1
sociedade,1
deestarei,1
iniciando,1
autoconfiança,1
adaioficial,1
fortes,1
ultimos,1
familias,1
bairro,1
impedir,1
grandeza,1
modelador,1
sucessos,1
propulsor,1
diferemcial,1
formaçao,1
tricologia,1
capilar,1
barberterapia,1
tricoterapeuta,1
lote,1
promocional,1
liberado,1
ro,1
oo,1
limitado,1
bilhete,1
dourado,1
deliciosa,1
colocando,1
portraitaddicts,1
portraitsatl,1
nepq,1
rir,1
milagre,1
perguntem,1
invasao,1
descobrimento,1
retinto,1
pisado,1
emoldurado,1
tamoios,1
mulatos,1
campo,1
enfrentamos,1
vagabundos,1
democrata,1
conseguimo,1
controle,1
consolidando,1
vitoria,1
perde,1
perdendo,1
conhece,1
reconhece,1
cresce,1
deixara,1
allfocusproducoesoficial,1
sejafeliz,1
sai,1
dali,1
missao,1
respeitosa,1
continencia,1
caramba,1
simplesmente,1
estoria,1
alucinante,1
artiststudio,1
artistacontemporaneo,1
wearables,1
buds,1
active,1
fit,1
sequencia,1
igualar,1
ultrapassar,1
executive,1
aplicativo,1
pretende,1
perguntou,1
sente,1
preocupou,1
tras,1
daquela,1
stylestreet,1
anhembimorumbi,1
anhembi,1
morumbi,1
bonde,1
transudos,1
versao,1
djghofc,1
conforme,1
minuta,1
edital,1
selecionados,1
categorias,1
agente,1
travelwriter,1
instatravelling,1
dezenas,1
levar,1
spcollor,1
distribuidora,1
esperando,1
lorealbrasil,1
recomendo,1
cabelos,1
macios,1
ficam,1
photobook,1
cuidese,1
formou,1
precisamos,1
academia,1
energeticos,1
trazem,1
mal,1
salomaosoares,1
michaelpipoquinha,1
andava,1
vinha,1
contramao,1
desviava,1
ombro,1
martin,1
memo,1
valo,1
velho,1
pocket,1
apresentaçao,1
contara,1
convidados,1
heavymetal,1
kissfmfm,1
radardosconcursos,1
tire,1
duvidas,1
apoio,1
wizardcampogrande,1
tinzinhu,1
flaviapalavani,1
ganesha,1
etl,1
possui,1
soluçao,1
compacta,1
integrada,1
ambiente,1
varejo,1
pdv,1
grandes,1
nomes,1
especialidade,1
basicas,1
operar,1
encerrando,1
chave,1
advogartransforma,1
justica,1
exige,1
vencer,1
doeuuuuuuuuu,1
kkkkkkkkkkkk,1
triathlon,1
pae,1
creia,1
confie,1
templo,1
tjsp,1
saopaulosp,1
tribunal,1
justiça,1
entendeu,1
simples,1
maisamorporfavor,1
quantas,1
mcdonalds,1
recomendaçoes,1
dieteticas,1
puro,1
politica,1
resultados,1
pesquisas,1
novosingle,1
composiçao,1
jb,1
cordeiro,1
cleidynhamacedo,1
brenda,1
tattoocyberpunk,1
cyberpunk,1
noh,1
oliver,1
quemmandoumatarmarielle,1
monumento,1
armado,1
resultadao,1
esforço,1
competencia,1
andersonsouzafotografia,1
mundorosa,1
sophia,1
papaiteama,1
blenderheadstudio,1
cores,1
maleta,1
valioso,1
bonitoa,1
acha,1
oa,1
espertoaidiotas,1
solteiro,1
descrever,1
trabalhando,1
escrita,1
delicada,1
tatuar,1
desenhos,1
valores,1
parcelamos,1
bomdiamundo,1
bomdiaguerreiroseguerreiras,1
acordo,1
levantando,1
correndo,1
gtgt,1
listei,1
contrate,1
exterior,1
aprendi,1
morte,1
toma,1
proporçao,1
convem,1
djdaogoncalves,1
ampliando,1
consultores,1
lojas,1
interessa,1
renda,1
extra,1
principal,1
atividade,1
gratos,1
ocorre,1
piores,1
surge,1
merito,1
consumidos,1
misericordias,1
inesgotaveis,1
renovamse,1
bomdiabrasil,1
pe,1
ze,1
dorme,1
acordado,1
raiar,1
andada,1
cre,1
ditado,1
juventus,1
aguente,1
porradas,1
melhorar,1
nublado,1
cxmbxlhotx,1
mix,1
master,1
walk,1
world,1
ramones,1
palmito,1
suporto,1
agradece,1
tiraram,1
parabenizar,1
tentei,1
responder,1
conseguido,1
exatamente,1
parei,1
imperdivel,1
ficaadica,1
melodie,1
michelberger,1
babybelly,1
abordoa,1
pior,1
acaba,1
aguardo,1
vigilia,1
grandezas,1
bpjuliofreitas,1
step,1
fantasticos,1
cida,1
conti,1
sousplat,1
rosa,1
pink,1
medecm,1
diametro,1
malu,1
proverbios,1
designio,1
permanecera,1
rib,1
eye,1
ocheffabiomarques,1
u,1
desafio,1
bohemianrhapsody,1
decisivos,1
rodoanel,1
ajax,1
unidos,1
pleasure,1
hear,1
playing,1
last,1
well,1
projeto,1
cicero,1
costha,1
terceira,1
leio,1
harry,1
potter,1
parece,1
torna,1
fascinante,1
ligue,1
ofertamesasecadeiras,1
lojademoveis,1
mesasecadeiras,1
satisfeita,1
solange,1
morais,1
satisfeito,1
tens,1
refugio,1
torre,1
inimigo,1
asas,1
sela,1
ouviste,1
votos,1
desteme,1
cabala,1
apostolica,1
plenitude,1
trono,1
arya,1
tomorrow,1
rest,1
captainmarvel,1
bday,1
atualizadas,1
prodrinks,1
four,1
breve,1
meusucesso,1
documentario,1
ipdojo,1
hndoficial,1
raizestamparia,1
cicerocosthabjj,1
tequiloka,1
aceitoooo,1
ruanmarcosoficial,1
bachata,1
life,1
heavyperonomutcho,1
ef,1
english,1
criadores,1
flamingooficial,1
noalternative,1
conduta,1
tatuapelove,1
roteador,1
inteligente,1
wifi,1
imaginei,1
curte,1
kylpos,1
akeen,1
remembering,1
bouche,1
labouche,1
djakeen,1
homologados,1
arawaza,1
retireos,1
eternomeninodavila,1
miami,1
business,1
mind,1
belluna,1
silk,1
screen,1
toque,1
zero,1
